{
    "name": "root",
    "gauges": {
        "MoverAObjetivoAgente.Policy.Entropy.mean": {
            "value": 1.9137355089187622,
            "min": 1.815308928489685,
            "max": 1.945848822593689,
            "count": 200
        },
        "MoverAObjetivoAgente.Policy.Entropy.sum": {
            "value": 18861.77734375,
            "min": 15019.48046875,
            "max": 23910.58984375,
            "count": 200
        },
        "MoverAObjetivoAgente.Step.mean": {
            "value": 1999951.0,
            "min": 9998.0,
            "max": 1999951.0,
            "count": 200
        },
        "MoverAObjetivoAgente.Step.sum": {
            "value": 1999951.0,
            "min": 9998.0,
            "max": 1999951.0,
            "count": 200
        },
        "MoverAObjetivoAgente.Policy.ExtrinsicValueEstimate.mean": {
            "value": -0.0028145601972937584,
            "min": -0.01822030171751976,
            "max": 0.005696422886103392,
            "count": 200
        },
        "MoverAObjetivoAgente.Policy.ExtrinsicValueEstimate.sum": {
            "value": -0.44188594818115234,
            "min": -2.842367172241211,
            "max": 0.8943383693695068,
            "count": 200
        },
        "MoverAObjetivoAgente.Losses.PolicyLoss.mean": {
            "value": 0.13353754666609963,
            "min": 0.09354273978109987,
            "max": 0.15051916007062582,
            "count": 200
        },
        "MoverAObjetivoAgente.Losses.PolicyLoss.sum": {
            "value": 0.5341501866643985,
            "min": 0.18708547956219973,
            "max": 0.7284113508307986,
            "count": 200
        },
        "MoverAObjetivoAgente.Losses.ValueLoss.mean": {
            "value": 5.470932844114756e-06,
            "min": 3.844071457074586e-07,
            "max": 0.004648426382023372,
            "count": 200
        },
        "MoverAObjetivoAgente.Losses.ValueLoss.sum": {
            "value": 2.1883731376459023e-05,
            "min": 7.688142914149172e-07,
            "max": 0.01364047401488661,
            "count": 200
        },
        "MoverAObjetivoAgente.Policy.LearningRate.mean": {
            "value": 2.4384757150000004e-08,
            "min": 2.4384757150000004e-08,
            "max": 9.9692803072e-06,
            "count": 200
        },
        "MoverAObjetivoAgente.Policy.LearningRate.sum": {
            "value": 9.753902860000002e-08,
            "min": 9.753902860000002e-08,
            "max": 2.9632398676050008e-05,
            "count": 200
        },
        "MoverAObjetivoAgente.Policy.Epsilon.mean": {
            "value": 0.10048570000000001,
            "min": 0.10048570000000001,
            "max": 0.29938560000000003,
            "count": 200
        },
        "MoverAObjetivoAgente.Policy.Epsilon.sum": {
            "value": 0.40194280000000004,
            "min": 0.3931735999999999,
            "max": 0.9326788999999998,
            "count": 200
        },
        "MoverAObjetivoAgente.Policy.Beta.mean": {
            "value": 0.009999999999999998,
            "min": 0.009999999999999998,
            "max": 0.009999999999999998,
            "count": 200
        },
        "MoverAObjetivoAgente.Policy.Beta.sum": {
            "value": 0.039999999999999994,
            "min": 0.019999999999999997,
            "max": 0.04999999999999999,
            "count": 200
        },
        "MoverAObjetivoAgente.Environment.EpisodeLength.mean": {
            "value": 9999.0,
            "min": 89.0,
            "max": 9999.0,
            "count": 93
        },
        "MoverAObjetivoAgente.Environment.EpisodeLength.sum": {
            "value": 9999.0,
            "min": 89.0,
            "max": 499950.0,
            "count": 93
        },
        "MoverAObjetivoAgente.Environment.CumulativeReward.mean": {
            "value": -0.49963998718885705,
            "min": -1.4738700243178755,
            "max": 0.9261000221595168,
            "count": 93
        },
        "MoverAObjetivoAgente.Environment.CumulativeReward.sum": {
            "value": -0.49963998718885705,
            "min": -24.99862936808495,
            "max": 0.9261000221595168,
            "count": 93
        },
        "MoverAObjetivoAgente.Policy.ExtrinsicReward.mean": {
            "value": -0.49963998718885705,
            "min": -1.4738700243178755,
            "max": 0.9261000221595168,
            "count": 93
        },
        "MoverAObjetivoAgente.Policy.ExtrinsicReward.sum": {
            "value": -0.49963998718885705,
            "min": -24.99862936808495,
            "max": 0.9261000221595168,
            "count": 93
        },
        "MoverAObjetivoAgente.IsTraining.mean": {
            "value": 1.0,
            "min": 1.0,
            "max": 1.0,
            "count": 200
        },
        "MoverAObjetivoAgente.IsTraining.sum": {
            "value": 1.0,
            "min": 1.0,
            "max": 1.0,
            "count": 200
        },
        "MoverAObjetivoOponente.Policy.Entropy.mean": {
            "value": 1.4403506517410278,
            "min": 1.313773512840271,
            "max": 1.945899486541748,
            "count": 200
        },
        "MoverAObjetivoOponente.Policy.Entropy.sum": {
            "value": 14103.9130859375,
            "min": 12164.908203125,
            "max": 23911.212890625,
            "count": 200
        },
        "MoverAObjetivoOponente.Environment.EpisodeLength.mean": {
            "value": 452.3333333333333,
            "min": 110.66666666666667,
            "max": 9999.0,
            "count": 155
        },
        "MoverAObjetivoOponente.Environment.EpisodeLength.sum": {
            "value": 2714.0,
            "min": 331.0,
            "max": 379962.0,
            "count": 155
        },
        "MoverAObjetivoOponente.Step.mean": {
            "value": 1999957.0,
            "min": 9999.0,
            "max": 1999957.0,
            "count": 200
        },
        "MoverAObjetivoOponente.Step.sum": {
            "value": 1999957.0,
            "min": 9999.0,
            "max": 1999957.0,
            "count": 200
        },
        "MoverAObjetivoOponente.Policy.ExtrinsicValueEstimate.mean": {
            "value": 0.08825727552175522,
            "min": -0.019614294171333313,
            "max": 0.1647140234708786,
            "count": 200
        },
        "MoverAObjetivoOponente.Policy.ExtrinsicValueEstimate.sum": {
            "value": 14.121164321899414,
            "min": -3.0990583896636963,
            "max": 27.177814483642578,
            "count": 200
        },
        "MoverAObjetivoOponente.Environment.CumulativeReward.mean": {
            "value": 0.9773449938123425,
            "min": -1.1168249985203147,
            "max": 0.9803360151592642,
            "count": 155
        },
        "MoverAObjetivoOponente.Environment.CumulativeReward.sum": {
            "value": 5.864069962874055,
            "min": -18.999099519103765,
            "max": 14.569109946489334,
            "count": 155
        },
        "MoverAObjetivoOponente.Policy.ExtrinsicReward.mean": {
            "value": 0.9773449938123425,
            "min": -1.1168249985203147,
            "max": 0.9803360151592642,
            "count": 155
        },
        "MoverAObjetivoOponente.Policy.ExtrinsicReward.sum": {
            "value": 5.864069962874055,
            "min": -18.999099519103765,
            "max": 14.569109946489334,
            "count": 155
        },
        "MoverAObjetivoOponente.Losses.PolicyLoss.mean": {
            "value": 0.14108724052347799,
            "min": 0.11679657606557986,
            "max": 0.14785342467560744,
            "count": 200
        },
        "MoverAObjetivoOponente.Losses.PolicyLoss.sum": {
            "value": 0.7054362026173899,
            "min": 0.23359315213115972,
            "max": 0.7313389443840319,
            "count": 200
        },
        "MoverAObjetivoOponente.Losses.ValueLoss.mean": {
            "value": 0.002674290382424264,