{
    "name": "root",
    "gauges": {
        "MoverAObjetivoAgente.Policy.Entropy.mean": {
            "value": 1.9249871969223022,
            "min": 1.907737135887146,
            "max": 1.9458624124526978,
            "count": 200
        },
        "MoverAObjetivoAgente.Policy.Entropy.sum": {
            "value": 19280.671875,
            "min": 19012.640625,
            "max": 19552.025390625,
            "count": 200
        },
        "MoverAObjetivoAgente.Step.mean": {
            "value": 1999981.0,
            "min": 9984.0,
            "max": 1999981.0,
            "count": 200
        },
        "MoverAObjetivoAgente.Step.sum": {
            "value": 1999981.0,
            "min": 9984.0,
            "max": 1999981.0,
            "count": 200
        },
        "MoverAObjetivoAgente.Policy.ExtrinsicValueEstimate.mean": {
            "value": -0.004556612111628056,
            "min": -0.029445307329297066,
            "max": 0.01784048229455948,
            "count": 200
        },
        "MoverAObjetivoAgente.Policy.ExtrinsicValueEstimate.sum": {
            "value": -0.7199447154998779,
            "min": -4.652358531951904,
            "max": 2.818796157836914,
            "count": 200
        },
        "MoverAObjetivoAgente.Losses.PolicyLoss.mean": {
            "value": 0.13588729341228212,
            "min": 0.11964251911676935,
            "max": 0.15196876770543932,
            "count": 200
        },
        "MoverAObjetivoAgente.Losses.PolicyLoss.sum": {
            "value": 0.5435491736491285,
            "min": 0.5174072244748034,
            "max": 0.7598438385271966,
            "count": 200
        },
        "MoverAObjetivoAgente.Losses.ValueLoss.mean": {
            "value": 1.979471044420495e-05,
            "min": 1.1255851656687208e-07,
            "max": 0.003558758825461978,
            "count": 200
        },
        "MoverAObjetivoAgente.Losses.ValueLoss.sum": {
            "value": 7.91788417768198e-05,
            "min": 5.627925828343604e-07,
            "max": 0.01779379412730989,
            "count": 200
        },
        "MoverAObjetivoAgente.Policy.LearningRate.mean": {
            "value": 2.5674744249999903e-08,
            "min": 2.5674744249999903e-08,
            "max": 9.973760262399999e-06,
            "count": 200
        },
        "MoverAObjetivoAgente.Policy.LearningRate.sum": {
            "value": 1.0269897699999961e-07,
            "min": 1.0269897699999961e-07,
            "max": 4.96330936691e-05,
            "count": 200
        },
        "MoverAObjetivoAgente.Policy.Epsilon.mean": {
            "value": 0.1005115,
            "min": 0.1005115,
            "max": 0.29947520000000005,
            "count": 200
        },
        "MoverAObjetivoAgente.Policy.Epsilon.sum": {
            "value": 0.402046,
            "min": 0.402046,
            "max": 1.4926617999999998,
            "count": 200
        },
        "MoverAObjetivoAgente.Policy.Beta.mean": {
            "value": 0.009999999999999998,
            "min": 0.009999999999999998,
            "max": 0.009999999999999998,
            "count": 200
        },
        "MoverAObjetivoAgente.Policy.Beta.sum": {
            "value": 0.039999999999999994,
            "min": 0.039999999999999994,
            "max": 0.04999999999999999,
            "count": 200
        },
        "MoverAObjetivoAgente.Environment.EpisodeLength.mean": {
            "value": 3999.0,
            "min": 1896.75,
            "max": 3999.0,
            "count": 200
        },
        "MoverAObjetivoAgente.Environment.EpisodeLength.sum": {
            "value": 11997.0,
            "min": 6856.0,
            "max": 13498.0,
            "count": 200
        },
        "MoverAObjetivoAgente.Environment.CumulativeReward.mean": {
            "value": -0.19995999499224126,
            "min": -0.8583849972637836,
            "max": 0.6317475156392902,
            "count": 200
        },
        "MoverAObjetivoAgente.Environment.CumulativeReward.sum": {
            "value": -0.5998799849767238,
            "min": -3.5795001030201092,
            "max": 2.526990062557161,
            "count": 200
        },
        "MoverAObjetivoAgente.Policy.ExtrinsicReward.mean": {
            "value": -0.19995999499224126,
            "min": -0.8583849972637836,
            "max": 0.6317475156392902,
            "count": 200
        },
        "MoverAObjetivoAgente.Policy.ExtrinsicReward.sum": {
            "value": -0.5998799849767238,
            "min": -3.5795001030201092,
            "max": 2.526990062557161,
            "count": 200
        },
        "MoverAObjetivoAgente.IsTraining.mean": {
            "value": 1.0,
            "min": 1.0,
            "max": 1.0,
            "count": 200
        },
        "MoverAObjetivoAgente.IsTraining.sum": {
            "value": 1.0,
            "min": 1.0,
            "max": 1.0,
            "count": 200
        },
        "MoverAObjetivoOponente.Policy.Entropy.mean": {
            "value": 1.865174651145935,
            "min": 1.8126060962677002,
            "max": 1.9458680152893066,
            "count": 200
        },
        "MoverAObjetivoOponente.Policy.Entropy.sum": {
            "value": 18621.904296875,
            "min": 18120.623046875,
            "max": 19552.08203125,
            "count": 200
        },
        "MoverAObjetivoOponente.Step.mean": {
            "value": 1999945.0,
            "min": 9984.0,
            "max": 1999945.0,
            "count": 200
        },
        "MoverAObjetivoOponente.Step.sum": {
            "value": 1999945.0,
            "min": 9984.0,
            "max": 1999945.0,
            "count": 200
        },
        "MoverAObjetivoOponente.Policy.ExtrinsicValueEstimate.mean": {
            "value": -0.0032664889004081488,
            "min": -0.034026701003313065,
            "max": 0.010607562027871609,
            "count": 200
        },
        "MoverAObjetivoOponente.Policy.ExtrinsicValueEstimate.sum": {
            "value": -0.5095722675323486,
            "min": -5.308165073394775,
            "max": 1.675994873046875,
            "count": 200
        },
        "MoverAObjetivoOponente.Losses.PolicyLoss.mean": {
            "value": 0.14755276993406238,
            "min": 0.12367842645277657,
            "max": 0.1482275191506352,
            "count": 200
        },
        "MoverAObjetivoOponente.Losses.PolicyLoss.sum": {
            "value": 0.7377638496703119,
            "min": 0.505314592637752,
            "max": 0.7411375957531761,
            "count": 200
        },
        "MoverAObjetivoOponente.Losses.ValueLoss.mean": {
            "value": 7.0682521348804e-06,
            "min": 2.447039965305174e-07,
            "max": 0.004576486901395985,
            "count": 200
        },
        "MoverAObjetivoOponente.Losses.ValueLoss.sum": {
            "value": 3.5341260674402e-05,
            "min": 9.788159861220695e-07,
            "max": 0.022882434506979927,
            "count": 200
        },
        "MoverAObjetivoOponente.Policy.LearningRate.mean": {
            "value": 2.181478285000015e-08,
            "min": 2.181478285000015e-08,
            "max": 9.973600264e-06,
            "count": 200
        },
        "MoverAObjetivoOponente.Policy.LearningRate.sum": {
            "value": 1.0907391425000075e-07,
            "min": 1.0907391425000075e-07,
            "max": 4.9631108688950004e-05,
            "count": 200
        },
        "MoverAObjetivoOponente.Policy.Epsilon.mean": {
            "value": 0.10043430000000002,
            "min": 0.10043430000000002,
            "max": 0.299472,
            "count": 200
        },
        "MoverAObjetivoOponente.Policy.Epsilon.sum": {
            "value": 0.5021715000000001,
            "min": 0.4139772,
            "max": 1.4926220999999997,
            "count": 200
        },
        "MoverAObjetivoOponente.Policy.Beta.mean": {
            "value": 0.009999999999999998,
            "min": 0.009999999999999998,