{"cameraMode":{"drawMode":0,"name":"Shaded","section":"Shading Mode"},"sceneLighting":true,"audioPlay":false,"sceneViewState":{"m_AlwaysRefresh":false,"showFog":true,"showSkybox":true,"showFlares":true,"showImageEffects":true,"showParticleSystems":true,"showVisualEffectGraphs":true,"m_FxEnabled":true},"in2DMode":false,"pivot":{"x":174.29437255859376,"y":-55.41460418701172,"z":-166.15040588378907},"rotation":{"x":0.00036942976294085383,"y":0.8233697414398193,"z":-0.5675603747367859,"w":0.0005019593518227339},"size":49.23474884033203,"orthographic":false}