{
    "name": "root",
    "gauges": {
        "MoverAObjetivoOponente.Policy.Entropy.mean": {
            "value": 0.8489082455635071,
            "min": 0.4838322699069977,
            "max": 1.9458619356155396,
            "count": 300
        },
        "MoverAObjetivoOponente.Policy.Entropy.sum": {
            "value": 8475.5,
            "min": 4737.685546875,
            "max": 23910.751953125,
            "count": 300
        },
        "MoverAObjetivoOponente.Environment.EpisodeLength.mean": {
            "value": 588.9666666666667,
            "min": 64.0,
            "max": 9766.431818181818,
            "count": 252
        },
        "MoverAObjetivoOponente.Environment.EpisodeLength.sum": {
            "value": 17669.0,
            "min": 128.0,
            "max": 429723.0,
            "count": 252
        },
        "MoverAObjetivoOponente.Step.mean": {
            "value": 2999949.0,
            "min": 9986.0,
            "max": 2999949.0,
            "count": 300
        },
        "MoverAObjetivoOponente.Step.sum": {
            "value": 2999949.0,
            "min": 9986.0,
            "max": 2999949.0,
            "count": 300
        },
        "MoverAObjetivoOponente.Policy.ExtrinsicValueEstimate.mean": {
            "value": 0.2854574918746948,
            "min": -0.024040861055254936,
            "max": 0.33014631271362305,
            "count": 300
        },
        "MoverAObjetivoOponente.Policy.ExtrinsicValueEstimate.sum": {
            "value": 48.813232421875,
            "min": -3.7503743171691895,
            "max": 57.11531066894531,
            "count": 300
        },
        "MoverAObjetivoOponente.Environment.CumulativeReward.mean": {
            "value": 0.9705283301261564,
            "min": -1.1532099975738674,
            "max": 0.989579256710217,
            "count": 251
        },
        "MoverAObjetivoOponente.Environment.CumulativeReward.sum": {
            "value": 29.115849903784692,
            "min": -19.48714949330315,
            "max": 34.21453963429667,
            "count": 251
        },
        "MoverAObjetivoOponente.Policy.ExtrinsicReward.mean": {
            "value": 0.9705283301261564,
            "min": -1.1532099975738674,
            "max": 0.989579256710217,
            "count": 251
        },
        "MoverAObjetivoOponente.Policy.ExtrinsicReward.sum": {
            "value": 29.115849903784692,
            "min": -19.48714949330315,
            "max": 34.21453963429667,
            "count": 251
        },
        "MoverAObjetivoOponente.Losses.PolicyLoss.mean": {
            "value": 0.14219034249100376,
            "min": 0.1114595576272161,
            "max": 0.14900540750888253,
            "count": 300
        },
        "MoverAObjetivoOponente.Losses.PolicyLoss.sum": {
            "value": 0.7109517124550188,
            "min": 0.2229191152544322,
            "max": 0.7383625478918372,
            "count": 300
        },
        "MoverAObjetivoOponente.Losses.ValueLoss.mean": {
            "value": 0.0025055309242535363,
            "min": 7.479524371461427e-07,
            "max": 0.009512908343982407,
            "count": 300
        },
        "MoverAObjetivoOponente.Losses.ValueLoss.sum": {
            "value": 0.012527654621267682,
            "min": 1.6466339382200288e-06,
            "max": 0.03896006399118234,
            "count": 300
        },
        "MoverAObjetivoOponente.Policy.LearningRate.mean": {
            "value": 1.9485139480000035e-08,
            "min": 1.9485139480000035e-08,
            "max": 9.9796268704e-06,
            "count": 300
        },
        "MoverAObjetivoOponente.Policy.LearningRate.sum": {
            "value": 9.742569740000018e-08,
            "min": 9.742569740000018e-08,
            "max": 3.8426912398699996e-05,
            "count": 300
        },
        "MoverAObjetivoOponente.Policy.Epsilon.mean": {
            "value": 0.10038770666666667,
            "min": 0.10038770666666667,
            "max": 0.29959253333333336,
            "count": 300
        },
        "MoverAObjetivoOponente.Policy.Epsilon.sum": {
            "value": 0.5019385333333334,
            "min": 0.40409986666666664,
            "max": 1.2685359333333337,
            "count": 300
        },
        "MoverAObjetivoOponente.Policy.Beta.mean": {
            "value": 0.009999999999999998,
            "min": 0.009999999999999998,
            "max": 0.009999999999999998,
            "count": 300
        },
        "MoverAObjetivoOponente.Policy.Beta.sum": {
            "value": 0.04999999999999999,
            "min": 0.019999999999999997,
            "max": 0.049999999999999996,
            "count": 300
        },
        "MoverAObjetivoOponente.IsTraining.mean": {
            "value": 1.0,
            "min": 1.0,
            "max": 1.0,
            "count": 300
        },
        "MoverAObjetivoOponente.IsTraining.sum": {
            "value": 1.0,
            "min": 1.0,
            "max": 1.0,
            "count": 300
        },
        "MoverAObjetivoAgente.Policy.Entropy.mean": {
            "value": 1.77251398563385,
            "min": 1.7550064325332642,
            "max": 1.9458438158035278,
            "count": 300
        },
        "MoverAObjetivoAgente.Policy.Entropy.sum": {
            "value": 17696.779296875,
            "min": 15399.072265625,
            "max": 23910.529296875,
            "count": 300
        },
        "MoverAObjetivoAgente.Environment.EpisodeLength.mean": {
            "value": 4985.666666666667,
            "min": 27.0,
            "max": 9999.0,
            "count": 148
        },
        "MoverAObjetivoAgente.Environment.EpisodeLength.sum": {
            "value": 14957.0,
            "min": 27.0,
            "max": 489951.0,
            "count": 148
        },
        "MoverAObjetivoAgente.Step.mean": {
            "value": 2999968.0,
            "min": 9973.0,
            "max": 2999968.0,
            "count": 300
        },
        "MoverAObjetivoAgente.Step.sum": {
            "value": 2999968.0,
            "min": 9973.0,
            "max": 2999968.0,
            "count": 300
        },
        "MoverAObjetivoAgente.Policy.ExtrinsicValueEstimate.mean": {
            "value": 0.0028849367517977953,
            "min": -0.024671344086527824,
            "max": 0.03579229861497879,
            "count": 300
        },
        "MoverAObjetivoAgente.Policy.ExtrinsicValueEstimate.sum": {
            "value": 0.45005014538764954,
            "min": -3.8487296104431152,
            "max": 5.726767539978027,
            "count": 300
        },
        "MoverAObjetivoAgente.Environment.CumulativeReward.mean": {
            "value": 0.7509999954296896,
            "min": -1.468840069603175,
            "max": 0.9592400388792157,
            "count": 149
        },
        "MoverAObjetivoAgente.Environment.CumulativeReward.sum": {
            "value": 2.252999986289069,
            "min": -24.498599380312953,
            "max": 3.9779099756851792,
            "count": 149
        },
        "MoverAObjetivoAgente.Policy.ExtrinsicReward.mean": {
            "value": 0.7509999954296896,
            "min": -1.468840069603175,
            "max": 0.9592400388792157,
            "count": 149
        },
        "MoverAObjetivoAgente.Policy.ExtrinsicReward.sum": {
            "value": 2.252999986289069,
            "min": -24.498599380312953,
            "max": 3.9779099756851792,
            "count": 149
        },
        "MoverAObjetivoAgente.Losses.PolicyLoss.mean": {
            "value": 0.13664629076954252,
            "min": 0.09812386267276452,
            "max": 0.14722147329788035,
            "count": 300
        },
        "MoverAObjetivoAgente.Losses.PolicyLoss.sum": {
            "value": 0.5465851630781701,
            "min": 0.19624772534552903,
            "max": 0.7258273238335717,
            "count": 300
        },
        "MoverAObjetivoAgente.Losses.ValueLoss.mean": {
            "value": 0.00016574505966261547,