{
    "name": "root",
    "gauges": {
        "MoverAObjetivoAgente.Policy.Entropy.mean": {
            "value": 1.9441787004470825,
            "min": 1.939144253730774,
            "max": 1.9457380771636963,
            "count": 87
        },
        "MoverAObjetivoAgente.Policy.Entropy.sum": {
            "value": 19457.33984375,
            "min": 17876.16015625,
            "max": 22414.90234375,
            "count": 87
        },
        "MoverAObjetivoAgente.Step.mean": {
            "value": 869936.0,
            "min": 9984.0,
            "max": 869936.0,
            "count": 87
        },
        "MoverAObjetivoAgente.Step.sum": {
            "value": 869936.0,
            "min": 9984.0,
            "max": 869936.0,
            "count": 87
        },
        "MoverAObjetivoAgente.Policy.ExtrinsicValueEstimate.mean": {
            "value": -0.00567942950874567,
            "min": -0.020270179957151413,
            "max": 0.007949096150696278,
            "count": 87
        },
        "MoverAObjetivoAgente.Policy.ExtrinsicValueEstimate.sum": {
            "value": -0.8859910368919373,
            "min": -3.1621479988098145,
            "max": 1.2400590181350708,
            "count": 87
        },
        "MoverAObjetivoAgente.Losses.PolicyLoss.mean": {
            "value": 0.13813044862062843,
            "min": 0.11675128129192643,
            "max": 0.14585649267408168,
            "count": 87
        },
        "MoverAObjetivoAgente.Losses.PolicyLoss.sum": {
            "value": 0.5525217944825137,
            "min": 0.46727626200527606,
            "max": 0.7292824633704084,
            "count": 87
        },
        "MoverAObjetivoAgente.Losses.ValueLoss.mean": {
            "value": 4.3318323458644646e-06,
            "min": 2.0384879061007978e-06,
            "max": 0.003759031689598667,
            "count": 87
        },
        "MoverAObjetivoAgente.Losses.ValueLoss.sum": {
            "value": 1.7327329383457858e-05,
            "min": 8.153951624403191e-06,
            "max": 0.018795158447993336,
            "count": 87
        },
        "MoverAObjetivoAgente.Policy.LearningRate.mean": {
            "value": 8.269343306740002e-06,
            "min": 8.269343306740002e-06,
            "max": 9.9884801152e-06,
            "count": 87
        },
        "MoverAObjetivoAgente.Policy.LearningRate.sum": {
            "value": 3.307737322696001e-05,
            "min": 3.307737322696001e-05,
            "max": 4.974666653336001e-05,
            "count": 87
        },
        "MoverAObjetivoAgente.Policy.Epsilon.mean": {
            "value": 0.26538651999999996,
            "min": 0.26538651999999996,
            "max": 0.2997696000000001,
            "count": 87
        },
        "MoverAObjetivoAgente.Policy.Epsilon.sum": {
            "value": 1.0615460799999998,
            "min": 1.0615460799999998,
            "max": 1.4949332800000001,
            "count": 87
        },
        "MoverAObjetivoAgente.Policy.Beta.mean": {
            "value": 0.009999999999999998,
            "min": 0.009999999999999998,
            "max": 0.009999999999999998,
            "count": 87
        },
        "MoverAObjetivoAgente.Policy.Beta.sum": {
            "value": 0.039999999999999994,
            "min": 0.039999999999999994,
            "max": 0.049999999999999996,
            "count": 87
        },
        "MoverAObjetivoAgente.IsTraining.mean": {
            "value": 1.0,
            "min": 1.0,
            "max": 1.0,
            "count": 87
        },
        "MoverAObjetivoAgente.IsTraining.sum": {
            "value": 1.0,
            "min": 1.0,
            "max": 1.0,
            "count": 87
        },
        "MoverAObjetivoOponente.Policy.Entropy.mean": {
            "value": 1.9448394775390625,
            "min": 1.93927001953125,
            "max": 1.9458563327789307,
            "count": 87
        },
        "MoverAObjetivoOponente.Policy.Entropy.sum": {
            "value": 19463.953125,
            "min": 17880.796875,
            "max": 22416.265625,
            "count": 87
        },
        "MoverAObjetivoOponente.Step.mean": {
            "value": 869936.0,
            "min": 9984.0,
            "max": 869936.0,
            "count": 87
        },
        "MoverAObjetivoOponente.Step.sum": {
            "value": 869936.0,
            "min": 9984.0,
            "max": 869936.0,
            "count": 87
        },
        "MoverAObjetivoOponente.Policy.ExtrinsicValueEstimate.mean": {
            "value": -0.005397297441959381,
            "min": -0.029082458466291428,
            "max": 0.37139368057250977,
            "count": 87
        },
        "MoverAObjetivoOponente.Policy.ExtrinsicValueEstimate.sum": {
            "value": -0.8419784307479858,
            "min": -4.565946102142334,
            "max": 57.937416076660156,
            "count": 87
        },
        "MoverAObjetivoOponente.Losses.PolicyLoss.mean": {
            "value": 0.1379567441838811,
            "min": 0.13266645126471605,
            "max": 0.14679649895427888,
            "count": 87
        },
        "MoverAObjetivoOponente.Losses.PolicyLoss.sum": {
            "value": 0.5518269767355244,
            "min": 0.5306658050588642,
            "max": 0.7236935373957535,
            "count": 87
        },
        "MoverAObjetivoOponente.Losses.ValueLoss.mean": {
            "value": 1.5032148115856213e-06,
            "min": 1.2819906402927813e-06,
            "max": 0.0035373140118719203,
            "count": 87
        },
        "MoverAObjetivoOponente.Losses.ValueLoss.sum": {
            "value": 6.012859246342485e-06,
            "min": 5.127962561171125e-06,
            "max": 0.016725295547739764,
            "count": 87
        },
        "MoverAObjetivoOponente.Policy.LearningRate.mean": {
            "value": 8.269343306740002e-06,
            "min": 8.269343306740002e-06,
            "max": 9.9884801152e-06,
            "count": 87
        },
        "MoverAObjetivoOponente.Policy.LearningRate.sum": {
            "value": 3.307737322696001e-05,
            "min": 3.307737322696001e-05,
            "max": 4.974666653336001e-05,
            "count": 87
        },
        "MoverAObjetivoOponente.Policy.Epsilon.mean": {
            "value": 0.26538651999999996,
            "min": 0.26538651999999996,
            "max": 0.2997696000000001,
            "count": 87
        },
        "MoverAObjetivoOponente.Policy.Epsilon.sum": {
            "value": 1.0615460799999998,
            "min": 1.0615460799999998,
            "max": 1.4949332800000001,
            "count": 87
        },
        "MoverAObjetivoOponente.Policy.Beta.mean": {
            "value": 0.009999999999999998,
            "min": 0.009999999999999998,
            "max": 0.009999999999999998,
            "count": 87
        },
        "MoverAObjetivoOponente.Policy.Beta.sum": {
            "value": 0.039999999999999994,
            "min": 0.039999999999999994,
            "max": 0.049999999999999996,
            "count": 87
        },
        "MoverAObjetivoOponente.IsTraining.mean": {
            "value": 1.0,
            "min": 1.0,
            "max": 1.0,
            "count": 87
        },
        "MoverAObjetivoOponente.IsTraining.sum": {
            "value": 1.0,
            "min": 1.0,
            "max": 1.0,
            "count": 87
        },
        "MoverAObjetivoAgente.Environment.EpisodeLength.mean": {
            "value": 8694.0,
            "min": 344.0,
            "max": 9999.0,
            "count": 38
        },
        "MoverAObjetivoAgente.Environment.EpisodeLength.sum": {
            "value": 8694.0,
            "min": 344.0,
            "max": 250815.0,
            "count": 38
        },
        "MoverAObjetivoAgente.Environment.CumulativeReward.mean": {
            "value": 0.5652800125535578,
            "min": -1.4480400430038571,
            "max": 0.7849299896042794,
            "count": 38
        },