{
    "name": "root",
    "gauges": {
        "MoverAObjetivoOponente.Policy.Entropy.mean": {
            "value": 1.8646998405456543,
            "min": 1.7896144390106201,
            "max": 1.9458692073822021,
            "count": 200
        },
        "MoverAObjetivoOponente.Policy.Entropy.sum": {
            "value": 18667.509765625,
            "min": 17915.830078125,
            "max": 19552.09375,
            "count": 200
        },
        "MoverAObjetivoOponente.Step.mean": {
            "value": 1999986.0,
            "min": 9984.0,
            "max": 1999986.0,
            "count": 200
        },
        "MoverAObjetivoOponente.Step.sum": {
            "value": 1999986.0,
            "min": 9984.0,
            "max": 1999986.0,
            "count": 200
        },
        "MoverAObjetivoOponente.Policy.ExtrinsicValueEstimate.mean": {
            "value": 0.0040659550577402115,
            "min": -0.031000694260001183,
            "max": 0.020626895129680634,
            "count": 200
        },
        "MoverAObjetivoOponente.Policy.ExtrinsicValueEstimate.sum": {
            "value": 0.6383549571037292,
            "min": -4.836108207702637,
            "max": 3.238422393798828,
            "count": 200
        },
        "MoverAObjetivoOponente.Losses.PolicyLoss.mean": {
            "value": 0.14068450206923627,
            "min": 0.11942052616898975,
            "max": 0.14856244404659127,
            "count": 200
        },
        "MoverAObjetivoOponente.Losses.PolicyLoss.sum": {
            "value": 0.7034225103461814,
            "min": 0.49920424215819403,
            "max": 0.7428122202329563,
            "count": 200
        },
        "MoverAObjetivoOponente.Losses.ValueLoss.mean": {
            "value": 0.0014422298949713231,
            "min": 2.1660950937834315e-07,
            "max": 0.005342067605276032,
            "count": 200
        },
        "MoverAObjetivoOponente.Losses.ValueLoss.sum": {
            "value": 0.007211149474856616,
            "min": 1.0333993554391815e-06,
            "max": 0.026710338026380162,
            "count": 200
        },
        "MoverAObjetivoOponente.Policy.LearningRate.mean": {
            "value": 2.7258728409999938e-08,
            "min": 2.7258728409999938e-08,
            "max": 9.973600264e-06,
            "count": 200
        },
        "MoverAObjetivoOponente.Policy.LearningRate.sum": {
            "value": 1.3629364204999968e-07,
            "min": 1.3629364204999968e-07,
            "max": 4.963040369600001e-05,
            "count": 200
        },
        "MoverAObjetivoOponente.Policy.Epsilon.mean": {
            "value": 0.10054318000000002,
            "min": 0.10054318000000002,
            "max": 0.299472,
            "count": 200
        },
        "MoverAObjetivoOponente.Policy.Epsilon.sum": {
            "value": 0.5027159000000001,
            "min": 0.4059632,
            "max": 1.492608,
            "count": 200
        },
        "MoverAObjetivoOponente.Policy.Beta.mean": {
            "value": 0.009999999999999998,
            "min": 0.009999999999999998,
            "max": 0.009999999999999998,
            "count": 200
        },
        "MoverAObjetivoOponente.Policy.Beta.sum": {
            "value": 0.04999999999999999,
            "min": 0.039999999999999994,
            "max": 0.04999999999999999,
            "count": 200
        },
        "MoverAObjetivoOponente.IsTraining.mean": {
            "value": 1.0,
            "min": 1.0,
            "max": 1.0,
            "count": 200
        },
        "MoverAObjetivoOponente.IsTraining.sum": {
            "value": 1.0,
            "min": 1.0,
            "max": 1.0,
            "count": 200
        },
        "MoverAObjetivoAgente.Policy.Entropy.mean": {
            "value": 1.7334648370742798,
            "min": 1.6182374954223633,
            "max": 1.9458873271942139,
            "count": 200
        },
        "MoverAObjetivoAgente.Policy.Entropy.sum": {
            "value": 17305.1796875,
            "min": 16208.2666015625,
            "max": 19558.078125,
            "count": 200
        },
        "MoverAObjetivoAgente.Step.mean": {
            "value": 1999982.0,
            "min": 9987.0,
            "max": 1999982.0,
            "count": 200
        },
        "MoverAObjetivoAgente.Step.sum": {
            "value": 1999982.0,
            "min": 9987.0,
            "max": 1999982.0,
            "count": 200
        },
        "MoverAObjetivoAgente.Policy.ExtrinsicValueEstimate.mean": {
            "value": 0.008740684017539024,
            "min": -0.04385022073984146,
            "max": 0.09435664862394333,
            "count": 200
        },
        "MoverAObjetivoAgente.Policy.ExtrinsicValueEstimate.sum": {
            "value": 1.372287392616272,
            "min": -6.884484767913818,
            "max": 15.191420555114746,
            "count": 200
        },
        "MoverAObjetivoAgente.Losses.PolicyLoss.mean": {
            "value": 0.14177469282695815,
            "min": 0.11937647871520848,
            "max": 0.14804762735007665,
            "count": 200
        },
        "MoverAObjetivoAgente.Losses.PolicyLoss.sum": {
            "value": 0.7088734641347908,
            "min": 0.4812935247403078,
            "max": 0.7402381367503833,
            "count": 200
        },
        "MoverAObjetivoAgente.Losses.ValueLoss.mean": {
            "value": 0.00046995304587475663,
            "min": 3.1284855452572523e-07,
            "max": 0.006519734738709584,
            "count": 200
        },
        "MoverAObjetivoAgente.Losses.ValueLoss.sum": {
            "value": 0.002349765229373783,
            "min": 1.4661457759137846e-06,
            "max": 0.03259867369354792,
            "count": 200
        },
        "MoverAObjetivoAgente.Policy.LearningRate.mean": {
            "value": 2.751372586000005e-08,
            "min": 2.751372586000005e-08,
            "max": 9.973872761275e-06,
            "count": 200
        },
        "MoverAObjetivoAgente.Policy.LearningRate.sum": {
            "value": 1.3756862930000026e-07,
            "min": 1.3756862930000026e-07,
            "max": 4.963416865835e-05,
            "count": 200
        },
        "MoverAObjetivoAgente.Policy.Epsilon.mean": {
            "value": 0.10054828000000002,
            "min": 0.10054828000000002,
            "max": 0.29947745000000003,
            "count": 200
        },
        "MoverAObjetivoAgente.Policy.Epsilon.sum": {
            "value": 0.5027414000000001,
            "min": 0.4059505000000001,
            "max": 1.4926833,
            "count": 200
        },
        "MoverAObjetivoAgente.Policy.Beta.mean": {
            "value": 0.009999999999999998,
            "min": 0.009999999999999998,
            "max": 0.009999999999999998,
            "count": 200
        },
        "MoverAObjetivoAgente.Policy.Beta.sum": {
            "value": 0.04999999999999999,
            "min": 0.039999999999999994,
            "max": 0.04999999999999999,
            "count": 200
        },
        "MoverAObjetivoAgente.Environment.EpisodeLength.mean": {
            "value": 2750.6666666666665,
            "min": 1199.3333333333333,
            "max": 3999.0,
            "count": 200
        },
        "MoverAObjetivoAgente.Environment.EpisodeLength.sum": {
            "value": 8252.0,
            "min": 6763.0,
            "max": 13862.0,
            "count": 200
        },
        "MoverAObjetivoAgente.Environment.CumulativeReward.mean": {
            "value": 0.1957933414572229,
            "min": -1.1367533650870125,
            "max": 0.940006659560216,
            "count": 200
        },
        "MoverAObjetivoAgente.Environment.CumulativeReward.sum": {
            "value": 0.5873800243716687,
            "min": -5.470449993852526,
            "max": 7.493699972284958,
            "count": 200
        },
        "MoverAObjetivoAgente.Policy.ExtrinsicReward.mean": {
            "value": 0.1957933414572229,