{
    "name": "root",
    "gauges": {
        "MoverAObjetivoOponente.Policy.Entropy.mean": {
            "value": 1.6467868089675903,
            "min": 1.5626461505889893,
            "max": 1.9458938837051392,
            "count": 200
        },
        "MoverAObjetivoOponente.Policy.Entropy.sum": {
            "value": 16546.9140625,
            "min": 14652.6015625,
            "max": 23911.14453125,
            "count": 200
        },
        "MoverAObjetivoOponente.Environment.EpisodeLength.mean": {
            "value": 1544.2857142857142,
            "min": 44.5,
            "max": 9999.0,
            "count": 131
        },
        "MoverAObjetivoOponente.Environment.EpisodeLength.sum": {
            "value": 21620.0,
            "min": 89.0,
            "max": 469953.0,
            "count": 131
        },
        "MoverAObjetivoOponente.Step.mean": {
            "value": 1999991.0,
            "min": 9947.0,
            "max": 1999991.0,
            "count": 200
        },
        "MoverAObjetivoOponente.Step.sum": {
            "value": 1999991.0,
            "min": 9947.0,
            "max": 1999991.0,
            "count": 200
        },
        "MoverAObjetivoOponente.Policy.ExtrinsicValueEstimate.mean": {
            "value": 0.12325272709131241,
            "min": -0.0739365741610527,
            "max": 0.12325272709131241,
            "count": 200
        },
        "MoverAObjetivoOponente.Policy.ExtrinsicValueEstimate.sum": {
            "value": 20.090194702148438,
            "min": -11.608041763305664,
            "max": 20.090194702148438,
            "count": 200
        },
        "MoverAObjetivoOponente.Environment.CumulativeReward.mean": {
            "value": 0.9227742793570671,
            "min": -1.377209926955402,
            "max": 0.9798800027929246,
            "count": 131
        },
        "MoverAObjetivoOponente.Environment.CumulativeReward.sum": {
            "value": 12.91883991099894,
            "min": -23.498789405741263,
            "max": 12.91883991099894,
            "count": 131
        },
        "MoverAObjetivoOponente.Policy.ExtrinsicReward.mean": {
            "value": 0.9227742793570671,
            "min": -1.377209926955402,
            "max": 0.9798800027929246,
            "count": 131
        },
        "MoverAObjetivoOponente.Policy.ExtrinsicReward.sum": {
            "value": 12.91883991099894,
            "min": -23.498789405741263,
            "max": 12.91883991099894,
            "count": 131
        },
        "MoverAObjetivoOponente.Losses.PolicyLoss.mean": {
            "value": 0.13621509666762316,
            "min": 0.11656830260466773,
            "max": 0.14690080325736846,
            "count": 200
        },
        "MoverAObjetivoOponente.Losses.PolicyLoss.sum": {
            "value": 0.6810754833381157,
            "min": 0.23541397005615253,
            "max": 0.7296463002358957,
            "count": 200
        },
        "MoverAObjetivoOponente.Losses.ValueLoss.mean": {
            "value": 0.003330547741024562,
            "min": 9.266177142253085e-08,
            "max": 0.005021902349320813,
            "count": 200
        },
        "MoverAObjetivoOponente.Losses.ValueLoss.sum": {
            "value": 0.01665273870512281,
            "min": 1.853235428450617e-07,
            "max": 0.025109511746604064,
            "count": 200
        },
        "MoverAObjetivoOponente.Policy.LearningRate.mean": {
            "value": 2.1195789040000005e-08,
            "min": 2.1195789040000005e-08,
            "max": 9.9696903031e-06,
            "count": 200
        },
        "MoverAObjetivoOponente.Policy.LearningRate.sum": {
            "value": 1.0597894520000003e-07,
            "min": 1.0597894520000003e-07,
            "max": 2.9633223667800002e-05,
            "count": 200
        },
        "MoverAObjetivoOponente.Policy.Epsilon.mean": {
            "value": 0.10042192000000001,
            "min": 0.10042192000000001,
            "max": 0.29939380000000004,
            "count": 200
        },
        "MoverAObjetivoOponente.Policy.Epsilon.sum": {
            "value": 0.5021096,
            "min": 0.393127,
            "max": 0.9378157999999999,
            "count": 200
        },
        "MoverAObjetivoOponente.Policy.Beta.mean": {
            "value": 0.009999999999999998,
            "min": 0.009999999999999998,
            "max": 0.009999999999999998,
            "count": 200
        },
        "MoverAObjetivoOponente.Policy.Beta.sum": {
            "value": 0.04999999999999999,
            "min": 0.019999999999999997,
            "max": 0.04999999999999999,
            "count": 200
        },
        "MoverAObjetivoOponente.IsTraining.mean": {
            "value": 1.0,
            "min": 1.0,
            "max": 1.0,
            "count": 200
        },
        "MoverAObjetivoOponente.IsTraining.sum": {
            "value": 1.0,
            "min": 1.0,
            "max": 1.0,
            "count": 200
        },
        "MoverAObjetivoAgente.Policy.Entropy.mean": {
            "value": 1.8801888227462769,
            "min": 1.8263157606124878,
            "max": 1.9458909034729004,
            "count": 200
        },
        "MoverAObjetivoAgente.Policy.Entropy.sum": {
            "value": 18651.47265625,
            "min": 14961.1787109375,
            "max": 23911.107421875,
            "count": 200
        },
        "MoverAObjetivoAgente.Environment.EpisodeLength.mean": {
            "value": 1727.5,
            "min": 20.0,
            "max": 9999.0,
            "count": 92
        },
        "MoverAObjetivoAgente.Environment.EpisodeLength.sum": {
            "value": 3455.0,
            "min": 20.0,
            "max": 453906.0,
            "count": 92
        },
        "MoverAObjetivoAgente.Step.mean": {
            "value": 1999939.0,
            "min": 9941.0,
            "max": 1999939.0,
            "count": 200
        },
        "MoverAObjetivoAgente.Step.sum": {
            "value": 1999939.0,
            "min": 9941.0,
            "max": 1999939.0,
            "count": 200
        },
        "MoverAObjetivoAgente.Policy.ExtrinsicValueEstimate.mean": {
            "value": 0.003910415340214968,
            "min": -0.01873628981411457,
            "max": 0.03242817148566246,
            "count": 200
        },
        "MoverAObjetivoAgente.Policy.ExtrinsicValueEstimate.sum": {
            "value": 0.6139352321624756,
            "min": -2.9415974617004395,
            "max": 5.156079292297363,
            "count": 200
        },
        "MoverAObjetivoAgente.Environment.CumulativeReward.mean": {
            "value": -0.08637004799675196,
            "min": -1.3952599144540727,
            "max": 0.9967849823879078,
            "count": 92
        },
        "MoverAObjetivoAgente.Environment.CumulativeReward.sum": {
            "value": -0.17274009599350393,
            "min": -21.696469399204943,
            "max": 2.941399994539097,
            "count": 92
        },
        "MoverAObjetivoAgente.Policy.ExtrinsicReward.mean": {
            "value": -0.08637004799675196,
            "min": -1.3952599144540727,
            "max": 0.9967849823879078,
            "count": 92
        },
        "MoverAObjetivoAgente.Policy.ExtrinsicReward.sum": {
            "value": -0.17274009599350393,
            "min": -21.696469399204943,
            "max": 2.941399994539097,
            "count": 92
        },
        "MoverAObjetivoAgente.Losses.PolicyLoss.mean": {
            "value": 0.13578506100369964,
            "min": 0.11695168125734712,
            "max": 0.14831873426010134,
            "count": 200
        },
        "MoverAObjetivoAgente.Losses.PolicyLoss.sum": {
            "value": 0.6789253050184981,
            "min": 0.24073766795139165,
            "max": 0.7055771337637461,
            "count": 200
        },
        "MoverAObjetivoAgente.Losses.ValueLoss.mean": {
            "value": 0.00039133258856653653,
            "min": 5.332734637579033e-07,