{
    "name": "root",
    "gauges": {
        "MoverAObjetivoAgente.Policy.Entropy.mean": {
            "value": 1.8915797472000122,
            "min": 1.745710849761963,
            "max": 1.9458423852920532,
            "count": 200
        },
        "MoverAObjetivoAgente.Policy.Entropy.sum": {
            "value": 18159.166015625,
            "min": 14818.587890625,
            "max": 23910.51171875,
            "count": 200
        },
        "MoverAObjetivoAgente.Step.mean": {
            "value": 1999996.0,
            "min": 9984.0,
            "max": 1999996.0,
            "count": 200
        },
        "MoverAObjetivoAgente.Step.sum": {
            "value": 1999996.0,
            "min": 9984.0,
            "max": 1999996.0,
            "count": 200
        },
        "MoverAObjetivoAgente.Policy.ExtrinsicValueEstimate.mean": {
            "value": -0.0016325977630913258,
            "min": -0.029635153710842133,
            "max": 0.010374327190220356,
            "count": 200
        },
        "MoverAObjetivoAgente.Policy.ExtrinsicValueEstimate.sum": {
            "value": -0.2563178539276123,
            "min": -4.62308406829834,
            "max": 1.639143705368042,
            "count": 200
        },
        "MoverAObjetivoAgente.Losses.PolicyLoss.mean": {
            "value": 0.1362802388490803,
            "min": 0.10618858593549159,
            "max": 0.14763820432078015,
            "count": 200
        },
        "MoverAObjetivoAgente.Losses.PolicyLoss.sum": {
            "value": 0.5451209553963212,
            "min": 0.21237717187098318,
            "max": 0.7070315999043992,
            "count": 200
        },
        "MoverAObjetivoAgente.Losses.ValueLoss.mean": {
            "value": 2.9284501727225014e-06,
            "min": 7.380654770975657e-08,
            "max": 0.005047309970487218,
            "count": 200
        },
        "MoverAObjetivoAgente.Losses.ValueLoss.sum": {
            "value": 1.1713800690890006e-05,
            "min": 1.6323421594040727e-07,
            "max": 0.010762243708659677,
            "count": 200
        },
        "MoverAObjetivoAgente.Policy.LearningRate.mean": {
            "value": 2.591974180000001e-08,
            "min": 2.591974180000001e-08,
            "max": 9.9692803072e-06,
            "count": 200
        },
        "MoverAObjetivoAgente.Policy.LearningRate.sum": {
            "value": 1.0367896720000004e-07,
            "min": 1.0367896720000004e-07,
            "max": 2.9631363686399997e-05,
            "count": 200
        },
        "MoverAObjetivoAgente.Policy.Epsilon.mean": {
            "value": 0.1005164,
            "min": 0.1005164,
            "max": 0.29938560000000003,
            "count": 200
        },
        "MoverAObjetivoAgente.Policy.Epsilon.sum": {
            "value": 0.4020656,
            "min": 0.23319399999999993,
            "max": 0.8926272,
            "count": 200
        },
        "MoverAObjetivoAgente.Policy.Beta.mean": {
            "value": 0.009999999999999998,
            "min": 0.009999999999999998,
            "max": 0.009999999999999998,
            "count": 200
        },
        "MoverAObjetivoAgente.Policy.Beta.sum": {
            "value": 0.039999999999999994,
            "min": 0.019999999999999997,
            "max": 0.04999999999999999,
            "count": 200
        },
        "MoverAObjetivoAgente.IsTraining.mean": {
            "value": 1.0,
            "min": 1.0,
            "max": 1.0,
            "count": 200
        },
        "MoverAObjetivoAgente.IsTraining.sum": {
            "value": 1.0,
            "min": 1.0,
            "max": 1.0,
            "count": 200
        },
        "MoverAObjetivoOponente.Policy.Entropy.mean": {
            "value": 1.7614331245422363,
            "min": 1.7136850357055664,
            "max": 1.945884346961975,
            "count": 200
        },
        "MoverAObjetivoOponente.Policy.Entropy.sum": {
            "value": 17247.953125,
            "min": 14943.93359375,
            "max": 23911.02734375,
            "count": 200
        },
        "MoverAObjetivoOponente.Step.mean": {
            "value": 1999973.0,
            "min": 9984.0,
            "max": 1999973.0,
            "count": 200
        },
        "MoverAObjetivoOponente.Step.sum": {
            "value": 1999973.0,
            "min": 9984.0,
            "max": 1999973.0,
            "count": 200
        },
        "MoverAObjetivoOponente.Policy.ExtrinsicValueEstimate.mean": {
            "value": 0.006422582548111677,
            "min": -0.016254516318440437,
            "max": 0.04573148861527443,
            "count": 200
        },
        "MoverAObjetivoOponente.Policy.ExtrinsicValueEstimate.sum": {
            "value": 1.0211906433105469,
            "min": -2.5519590377807617,
            "max": 7.27130651473999,
            "count": 200
        },
        "MoverAObjetivoOponente.Losses.PolicyLoss.mean": {
            "value": 0.1424558421971228,
            "min": 0.10163361938313717,
            "max": 0.14921544778189855,
            "count": 200
        },
        "MoverAObjetivoOponente.Losses.PolicyLoss.sum": {
            "value": 0.712279210985614,
            "min": 0.20326723876627434,
            "max": 0.7235625371715155,
            "count": 200
        },
        "MoverAObjetivoOponente.Losses.ValueLoss.mean": {
            "value": 0.00043228316810431654,
            "min": 1.6947829696732798e-07,
            "max": 0.006245123348400412,
            "count": 200
        },
        "MoverAObjetivoOponente.Losses.ValueLoss.sum": {
            "value": 0.0021614158405215828,
            "min": 3.6990255716795595e-07,
            "max": 0.020702343368234594,
            "count": 200
        },
        "MoverAObjetivoOponente.Policy.LearningRate.mean": {
            "value": 2.7403726959999995e-08,
            "min": 2.7403726959999995e-08,
            "max": 9.9692803072e-06,
            "count": 200
        },
        "MoverAObjetivoOponente.Policy.LearningRate.sum": {
            "value": 1.3701863479999997e-07,
            "min": 1.3701863479999997e-07,
            "max": 2.963158868415e-05,
            "count": 200
        },
        "MoverAObjetivoOponente.Policy.Epsilon.mean": {
            "value": 0.10054608000000001,
            "min": 0.10054608000000001,
            "max": 0.29938560000000003,
            "count": 200
        },
        "MoverAObjetivoOponente.Policy.Epsilon.sum": {
            "value": 0.5027304,
            "min": 0.35300479999999995,
            "max": 0.8926316999999999,
            "count": 200
        },
        "MoverAObjetivoOponente.Policy.Beta.mean": {
            "value": 0.009999999999999998,
            "min": 0.009999999999999998,
            "max": 0.009999999999999998,
            "count": 200
        },
        "MoverAObjetivoOponente.Policy.Beta.sum": {
            "value": 0.04999999999999999,
            "min": 0.019999999999999997,
            "max": 0.04999999999999999,
            "count": 200
        },
        "MoverAObjetivoOponente.IsTraining.mean": {
            "value": 1.0,
            "min": 1.0,
            "max": 1.0,
            "count": 200
        },
        "MoverAObjetivoOponente.IsTraining.sum": {
            "value": 1.0,
            "min": 1.0,
            "max": 1.0,
            "count": 200
        },
        "MoverAObjetivoOponente.Environment.EpisodeLength.mean": {
            "value": 9567.333333333334,
            "min": 103.75,
            "max": 9999.0,
            "count": 106
        },
        "MoverAObjetivoOponente.Environment.EpisodeLength.sum": {
            "value": 28702.0,
            "min": 240.0,
            "max": 479952.0,
            "count": 106
        },
        "MoverAObjetivoOponente.Environment.CumulativeReward.mean": {
            "value": -0.14502331494198492,
            "min": -1.3868999432306737,
            "max": 0.9792499816976488,
            "count": 106
        },