{
    "name": "root",
    "gauges": {
        "MoverAObjetivoAgente.Policy.Entropy.mean": {
            "value": 1.8936527967453003,
            "min": 1.834250569343567,
            "max": 1.9458564519882202,
            "count": 200
        },
        "MoverAObjetivoAgente.Policy.Entropy.sum": {
            "value": 18928.953125,
            "min": 18313.158203125,
            "max": 19547.47265625,
            "count": 200
        },
        "MoverAObjetivoAgente.Step.mean": {
            "value": 1999937.0,
            "min": 9946.0,
            "max": 1999937.0,
            "count": 200
        },
        "MoverAObjetivoAgente.Step.sum": {
            "value": 1999937.0,
            "min": 9946.0,
            "max": 1999937.0,
            "count": 200
        },
        "MoverAObjetivoAgente.Policy.ExtrinsicValueEstimate.mean": {
            "value": 0.0036689427215605974,
            "min": -0.04081006348133087,
            "max": 0.04820738732814789,
            "count": 200
        },
        "MoverAObjetivoAgente.Policy.ExtrinsicValueEstimate.sum": {
            "value": 0.5796929597854614,
            "min": -6.407179832458496,
            "max": 7.616766929626465,
            "count": 200
        },
        "MoverAObjetivoAgente.Losses.PolicyLoss.mean": {
            "value": 0.13995180761707707,
            "min": 0.11624200676960787,
            "max": 0.14900656714497051,
            "count": 200
        },
        "MoverAObjetivoAgente.Losses.PolicyLoss.sum": {
            "value": 0.5598072304683083,
            "min": 0.5112161277856304,
            "max": 0.7450328357248526,
            "count": 200
        },
        "MoverAObjetivoAgente.Losses.ValueLoss.mean": {
            "value": 0.002690808649738826,
            "min": 1.596458624820479e-07,
            "max": 0.008318668402297358,
            "count": 200
        },
        "MoverAObjetivoAgente.Losses.ValueLoss.sum": {
            "value": 0.010763234598955304,
            "min": 6.385834499281916e-07,
            "max": 0.04159334201148679,
            "count": 200
        },
        "MoverAObjetivoAgente.Policy.LearningRate.mean": {
            "value": 2.5238498612499984e-08,
            "min": 2.5238498612499984e-08,
            "max": 9.973760262399999e-06,
            "count": 200
        },
        "MoverAObjetivoAgente.Policy.LearningRate.sum": {
            "value": 1.0095399444999993e-07,
            "min": 1.0095399444999993e-07,
            "max": 4.9633913660900006e-05,
            "count": 200
        },
        "MoverAObjetivoAgente.Policy.Epsilon.mean": {
            "value": 0.10050277499999999,
            "min": 0.10050277499999999,
            "max": 0.29947520000000005,
            "count": 200
        },
        "MoverAObjetivoAgente.Policy.Epsilon.sum": {
            "value": 0.40201109999999995,
            "min": 0.40201109999999995,
            "max": 1.4926782000000003,
            "count": 200
        },
        "MoverAObjetivoAgente.Policy.Beta.mean": {
            "value": 0.009999999999999998,
            "min": 0.009999999999999998,
            "max": 0.009999999999999998,
            "count": 200
        },
        "MoverAObjetivoAgente.Policy.Beta.sum": {
            "value": 0.039999999999999994,
            "min": 0.039999999999999994,
            "max": 0.04999999999999999,
            "count": 200
        },
        "MoverAObjetivoAgente.Environment.EpisodeLength.mean": {
            "value": 3139.0,
            "min": 1732.6,
            "max": 3999.0,
            "count": 200
        },
        "MoverAObjetivoAgente.Environment.EpisodeLength.sum": {
            "value": 9417.0,
            "min": 7271.0,
            "max": 13624.0,
            "count": 200
        },
        "MoverAObjetivoAgente.Environment.CumulativeReward.mean": {
            "value": 0.5097066600962231,
            "min": -0.8866719651734456,
            "max": 0.5454433223155016,
            "count": 200
        },
        "MoverAObjetivoAgente.Environment.CumulativeReward.sum": {
            "value": 1.5291199802886695,
            "min": -4.433359825867228,
            "max": 1.636329966946505,
            "count": 200
        },
        "MoverAObjetivoAgente.Policy.ExtrinsicReward.mean": {
            "value": 0.5097066600962231,
            "min": -0.8866719651734456,
            "max": 0.5454433223155016,
            "count": 200
        },
        "MoverAObjetivoAgente.Policy.ExtrinsicReward.sum": {
            "value": 1.5291199802886695,
            "min": -4.433359825867228,
            "max": 1.636329966946505,
            "count": 200
        },
        "MoverAObjetivoAgente.IsTraining.mean": {
            "value": 1.0,
            "min": 1.0,
            "max": 1.0,
            "count": 200
        },
        "MoverAObjetivoAgente.IsTraining.sum": {
            "value": 1.0,
            "min": 1.0,
            "max": 1.0,
            "count": 200
        },
        "MoverAObjetivoOponente.Policy.Entropy.mean": {
            "value": 1.9323034286499023,
            "min": 1.909033179283142,
            "max": 1.9458931684494019,
            "count": 200
        },
        "MoverAObjetivoOponente.Policy.Entropy.sum": {
            "value": 19292.1171875,
            "min": 19059.787109375,
            "max": 19552.333984375,
            "count": 200
        },
        "MoverAObjetivoOponente.Step.mean": {
            "value": 1999937.0,
            "min": 9984.0,
            "max": 1999937.0,
            "count": 200
        },
        "MoverAObjetivoOponente.Step.sum": {
            "value": 1999937.0,
            "min": 9984.0,
            "max": 1999937.0,
            "count": 200
        },
        "MoverAObjetivoOponente.Policy.ExtrinsicValueEstimate.mean": {
            "value": -0.003179935272783041,
            "min": -0.06760112196207047,
            "max": 0.028999248519539833,
            "count": 200
        },
        "MoverAObjetivoOponente.Policy.ExtrinsicValueEstimate.sum": {
            "value": -0.49606990814208984,
            "min": -10.680976867675781,
            "max": 4.523882865905762,
            "count": 200
        },
        "MoverAObjetivoOponente.Losses.PolicyLoss.mean": {
            "value": 0.1379043836254777,
            "min": 0.1286397008157707,
            "max": 0.1526700634255328,
            "count": 200
        },
        "MoverAObjetivoOponente.Losses.PolicyLoss.sum": {
            "value": 0.5516175345019108,
            "min": 0.5328426391563632,
            "max": 0.763350317127664,
            "count": 200
        },
        "MoverAObjetivoOponente.Losses.ValueLoss.mean": {
            "value": 1.0321654473792787e-06,
            "min": 2.1360343774206077e-07,
            "max": 0.005377911987895495,
            "count": 200
        },
        "MoverAObjetivoOponente.Losses.ValueLoss.sum": {
            "value": 4.128661789517115e-06,
            "min": 1.068017188710304e-06,
            "max": 0.026889559939477475,
            "count": 200
        },
        "MoverAObjetivoOponente.Policy.LearningRate.mean": {
            "value": 2.3934761649999834e-08,
            "min": 2.3934761649999834e-08,
            "max": 9.973600264e-06,
            "count": 200
        },
        "MoverAObjetivoOponente.Policy.LearningRate.sum": {
            "value": 9.573904659999934e-08,
            "min": 9.573904659999934e-08,
            "max": 4.963089869105001e-05,
            "count": 200
        },
        "MoverAObjetivoOponente.Policy.Epsilon.mean": {
            "value": 0.10047669999999999,
            "min": 0.10047669999999999,
            "max": 0.299472,
            "count": 200
        },
        "MoverAObjetivoOponente.Policy.Epsilon.sum": {
            "value": 0.40190679999999995,
            "min": 0.40190679999999995,
            "max": 1.4926179,
            "count": 200
        },
        "MoverAObjetivoOponente.Policy.Beta.mean": {
            "value": 0.009999999999999998,