{
    "name": "root",
    "gauges": {
        "MoverAObjetivo.Policy.Entropy.mean": {
            "value": 0.6225164532661438,
            "min": 0.6011477112770081,
            "max": 1.9458858966827393,
            "count": 100
        },
        "MoverAObjetivo.Policy.Entropy.sum": {
            "value": 6178.4755859375,
            "min": 5951.3623046875,
            "max": 21793.921875,
            "count": 100
        },
        "MoverAObjetivo.Environment.EpisodeLength.mean": {
            "value": 115.56818181818181,
            "min": 18.0,
            "max": 1999.0,
            "count": 100
        },
        "MoverAObjetivo.Environment.EpisodeLength.sum": {
            "value": 10170.0,
            "min": 36.0,
            "max": 43862.0,
            "count": 100
        },
        "MoverAObjetivo.Step.mean": {
            "value": 999971.0,
            "min": 9958.0,
            "max": 999971.0,
            "count": 100
        },
        "MoverAObjetivo.Step.sum": {
            "value": 999971.0,
            "min": 9958.0,
            "max": 999971.0,
            "count": 100
        },
        "MoverAObjetivo.Policy.ExtrinsicValueEstimate.mean": {
            "value": 0.5965469479560852,
            "min": -0.08278022706508636,
            "max": 0.6346085667610168,
            "count": 100
        },
        "MoverAObjetivo.Policy.ExtrinsicValueEstimate.sum": {
            "value": 118.71284484863281,
            "min": -12.996495246887207,
            "max": 133.90240478515625,
            "count": 100
        },
        "MoverAObjetivo.Environment.CumulativeReward.mean": {
            "value": 0.9709772684992376,
            "min": -1.3664500899612904,
            "max": 0.995375007390976,
            "count": 100
        },
        "MoverAObjetivo.Environment.CumulativeReward.sum": {
            "value": 85.4459996279329,
            "min": -12.47050047526136,
            "max": 90.1926498003304,
            "count": 100
        },
        "MoverAObjetivo.Policy.ExtrinsicReward.mean": {
            "value": 0.9709772684992376,
            "min": -1.3664500899612904,
            "max": 0.995375007390976,
            "count": 100
        },
        "MoverAObjetivo.Policy.ExtrinsicReward.sum": {
            "value": 85.4459996279329,
            "min": -12.47050047526136,
            "max": 90.1926498003304,
            "count": 100
        },
        "MoverAObjetivo.Losses.PolicyLoss.mean": {
            "value": 0.1417578355230285,
            "min": 0.12046369544570408,
            "max": 0.14577398399560648,
            "count": 100
        },
        "MoverAObjetivo.Losses.PolicyLoss.sum": {
            "value": 0.7087891776151425,
            "min": 0.36139108633711226,
            "max": 0.7265614453442565,
            "count": 100
        },
        "MoverAObjetivo.Losses.ValueLoss.mean": {
            "value": 0.00789447728488283,
            "min": 2.447465036995974e-05,
            "max": 0.014225846481317719,
            "count": 100
        },
        "MoverAObjetivo.Losses.ValueLoss.sum": {
            "value": 0.03947238642441415,
            "min": 9.789860147983896e-05,
            "max": 0.0711292324065886,
            "count": 100
        },
        "MoverAObjetivo.Policy.LearningRate.mean": {
            "value": 5.562144477999985e-08,
            "min": 5.562144477999985e-08,
            "max": 9.936900631000002e-06,
            "count": 100
        },
        "MoverAObjetivo.Policy.LearningRate.sum": {
            "value": 2.7810722389999927e-07,
            "min": 2.7810722389999927e-07,
            "max": 4.5764032360099996e-05,
            "count": 100
        },
        "MoverAObjetivo.Policy.Epsilon.mean": {
            "value": 0.1,
            "min": 0.09999999999999998,
            "max": 0.1,
            "count": 100
        },
        "MoverAObjetivo.Policy.Epsilon.sum": {
            "value": 0.5,
            "min": 0.29999999999999993,
            "max": 0.5,
            "count": 100
        },
        "MoverAObjetivo.Policy.Beta.mean": {
            "value": 0.0010000000000000002,
            "min": 0.001,
            "max": 0.0010000000000000005,
            "count": 100
        },
        "MoverAObjetivo.Policy.Beta.sum": {
            "value": 0.005000000000000001,
            "min": 0.003,
            "max": 0.005000000000000002,
            "count": 100
        },
        "MoverAObjetivo.IsTraining.mean": {
            "value": 1.0,
            "min": 1.0,
            "max": 1.0,
            "count": 100
        },
        "MoverAObjetivo.IsTraining.sum": {
            "value": 1.0,
            "min": 1.0,
            "max": 1.0,
            "count": 100
        }
    },
    "metadata": {
        "timer_format_version": "0.1.0",
        "start_time_seconds": "1648589505",
        "python_version": "3.9.7 (default, Sep 16 2021, 16:59:28) [MSC v.1916 64 bit (AMD64)]",
        "command_line_arguments": "C:\\Users\\unais\\anaconda3\\Scripts\\mlagents-learn config/PPO.yml --run-id=PPO_epsilon0.1beta1.0e-3learning_rate1.0e-5",
        "mlagents_version": "0.28.0",
        "mlagents_envs_version": "0.28.0",
        "communication_protocol_version": "1.5.0",
        "pytorch_version": "1.11.0+cu113",
        "numpy_version": "1.20.3",
        "end_time_seconds": "1648592164"
    },
    "total": 2659.4779392,
    "count": 1,
    "self": 0.014326900000014575,
    "children": {
        "run_training.setup": {
            "total": 0.2396705999999993,
            "count": 1,
            "self": 0.2396705999999993
        },
        "TrainerController.start_learning": {
            "total": 2659.2239417,
            "count": 1,
            "self": 0.9308053999998265,
            "children": {
                "TrainerController._reset_env": {
                    "total": 13.813464800000002,
                    "count": 1,
                    "self": 13.813464800000002
                },
                "TrainerController.advance": {
                    "total": 2644.2500750000004,
                    "count": 42853,
                    "self": 0.8881944999625375,
                    "children": {
                        "env_step": {
                            "total": 612.655249800021,
                            "count": 42853,
                            "self": 349.41752820007764,
                            "children": {
                                "SubprocessEnvManager._take_step": {
                                    "total": 262.7596940999502,
                                    "count": 42853,
                                    "self": 3.5131432999178287,
                                    "children": {
                                        "TorchPolicy.evaluate": {
                                            "total": 259.24655080003237,
                                            "count": 40028,
                                            "self": 137.68222910001253,
                                            "children": {
                                                "TorchPolicy.sample_actions": {
                                                    "total": 121.56432170001982,
                                                    "count": 40028,
                                                    "self": 121.56432170001982
                                                }
                                            }
                                        }
                                    }
                                },
                                "workers": {
                                    "total": 0.47802749999316063,
                                    "count": 42853,
                                    "self": 0.0,
                                    "children": {
                                        "worker_root": {
                                            "total": 2645.0741526999973,
                                            "count": 42853,