{
    "name": "root",
    "gauges": {
        "MoverAObjetivoOponente.Policy.Entropy.mean": {
            "value": 1.9377970695495605,
            "min": 1.8629587888717651,
            "max": 1.945892333984375,
            "count": 200
        },
        "MoverAObjetivoOponente.Policy.Entropy.sum": {
            "value": 17734.71875,
            "min": 15346.1611328125,
            "max": 23911.125,
            "count": 200
        },
        "MoverAObjetivoOponente.Environment.EpisodeLength.mean": {
            "value": 9999.0,
            "min": 73.5,
            "max": 9999.0,
            "count": 46
        },
        "MoverAObjetivoOponente.Environment.EpisodeLength.sum": {
            "value": 9999.0,
            "min": 232.0,
            "max": 509949.0,
            "count": 46
        },
        "MoverAObjetivoOponente.Step.mean": {
            "value": 1999988.0,
            "min": 9962.0,
            "max": 1999988.0,
            "count": 200
        },
        "MoverAObjetivoOponente.Step.sum": {
            "value": 1999988.0,
            "min": 9962.0,
            "max": 1999988.0,
            "count": 200
        },
        "MoverAObjetivoOponente.Policy.ExtrinsicValueEstimate.mean": {
            "value": -0.004989344626665115,
            "min": -0.01938721165060997,
            "max": 0.01578948087990284,
            "count": 200
        },
        "MoverAObjetivoOponente.Policy.ExtrinsicValueEstimate.sum": {
            "value": -0.7833271026611328,
            "min": -3.043792247772217,
            "max": 2.4947381019592285,
            "count": 200
        },
        "MoverAObjetivoOponente.Environment.CumulativeReward.mean": {
            "value": -0.4999299872433767,
            "min": -1.4885901007801294,
            "max": 0.8426400183234364,
            "count": 46
        },
        "MoverAObjetivoOponente.Environment.CumulativeReward.sum": {
            "value": -0.4999299872433767,
            "min": -25.498719355091453,
            "max": 0.8426400183234364,
            "count": 46
        },
        "MoverAObjetivoOponente.Policy.ExtrinsicReward.mean": {
            "value": -0.4999299872433767,
            "min": -1.4885901007801294,
            "max": 0.8426400183234364,
            "count": 46
        },
        "MoverAObjetivoOponente.Policy.ExtrinsicReward.sum": {
            "value": -0.4999299872433767,
            "min": -25.498719355091453,
            "max": 0.8426400183234364,
            "count": 46
        },
        "MoverAObjetivoOponente.Losses.PolicyLoss.mean": {
            "value": 0.1417476384291755,
            "min": 0.08480291942420837,
            "max": 0.14833311448940853,
            "count": 200
        },
        "MoverAObjetivoOponente.Losses.PolicyLoss.sum": {
            "value": 0.283495276858351,
            "min": 0.18570565554788726,
            "max": 0.4360883104531924,
            "count": 200
        },
        "MoverAObjetivoOponente.Losses.ValueLoss.mean": {
            "value": 2.772492961766737e-06,
            "min": 3.1799107051622764e-08,
            "max": 0.005984941802283383,
            "count": 200
        },
        "MoverAObjetivoOponente.Losses.ValueLoss.sum": {
            "value": 5.544985923533474e-06,
            "min": 8.616257173253242e-08,
            "max": 0.011969883604566765,
            "count": 200
        },
        "MoverAObjetivoOponente.Policy.LearningRate.mean": {
            "value": 2.479975299999972e-08,
            "min": 2.479975299999972e-08,
            "max": 9.9698203018e-06,
            "count": 200
        },
        "MoverAObjetivoOponente.Policy.LearningRate.sum": {
            "value": 4.959950599999944e-08,
            "min": 4.959950599999944e-08,
            "max": 2.96343336567e-05,
            "count": 200
        },
        "MoverAObjetivoOponente.Policy.Epsilon.mean": {
            "value": 0.10049399999999999,
            "min": 0.10049399999999999,
            "max": 0.2993964,
            "count": 200
        },
        "MoverAObjetivoOponente.Policy.Epsilon.sum": {
            "value": 0.20098799999999997,
            "min": 0.20098799999999997,
            "max": 0.8926866,
            "count": 200
        },
        "MoverAObjetivoOponente.Policy.Beta.mean": {
            "value": 0.009999999999999998,
            "min": 0.009999999999999998,
            "max": 0.009999999999999998,
            "count": 200
        },
        "MoverAObjetivoOponente.Policy.Beta.sum": {
            "value": 0.019999999999999997,
            "min": 0.019999999999999997,
            "max": 0.029999999999999995,
            "count": 200
        },
        "MoverAObjetivoOponente.IsTraining.mean": {
            "value": 1.0,
            "min": 1.0,
            "max": 1.0,
            "count": 200
        },
        "MoverAObjetivoOponente.IsTraining.sum": {
            "value": 1.0,
            "min": 1.0,
            "max": 1.0,
            "count": 200
        },
        "MoverAObjetivoAgente.Policy.Entropy.mean": {
            "value": 1.9285305738449097,
            "min": 1.9187034368515015,
            "max": 1.945844292640686,
            "count": 200
        },
        "MoverAObjetivoAgente.Policy.Entropy.sum": {
            "value": 18020.189453125,
            "min": 15765.26953125,
            "max": 23910.53515625,
            "count": 200
        },
        "MoverAObjetivoAgente.Step.mean": {
            "value": 1999941.0,
            "min": 9945.0,
            "max": 1999941.0,
            "count": 200
        },
        "MoverAObjetivoAgente.Step.sum": {
            "value": 1999941.0,
            "min": 9945.0,
            "max": 1999941.0,
            "count": 200
        },
        "MoverAObjetivoAgente.Policy.ExtrinsicValueEstimate.mean": {
            "value": 0.0005601179436780512,
            "min": -0.027730552479624748,
            "max": 0.015012955293059349,
            "count": 200
        },
        "MoverAObjetivoAgente.Policy.ExtrinsicValueEstimate.sum": {
            "value": 0.08793851733207703,
            "min": -4.353696823120117,
            "max": 2.3420209884643555,
            "count": 200
        },
        "MoverAObjetivoAgente.Losses.PolicyLoss.mean": {
            "value": 0.13958380538557216,
            "min": 0.08626986499391845,
            "max": 0.1508568595612208,
            "count": 200
        },
        "MoverAObjetivoAgente.Losses.PolicyLoss.sum": {
            "value": 0.6979190269278608,
            "min": 0.1725397299878369,
            "max": 0.7015862627781398,
            "count": 200
        },
        "MoverAObjetivoAgente.Losses.ValueLoss.mean": {
            "value": 0.002490562743627466,
            "min": 1.0650758993276574e-07,
            "max": 0.007766624610707406,
            "count": 200
        },
        "MoverAObjetivoAgente.Losses.ValueLoss.sum": {
            "value": 0.012452813718137331,
            "min": 2.1301517986553148e-07,
            "max": 0.015533249221414813,
            "count": 200
        },
        "MoverAObjetivoAgente.Policy.LearningRate.mean": {
            "value": 2.5582745170000154e-08,
            "min": 2.5582745170000154e-08,
            "max": 9.9692803072e-06,
            "count": 200
        },
        "MoverAObjetivoAgente.Policy.LearningRate.sum": {
            "value": 1.2791372585000076e-07,
            "min": 1.2791372585000076e-07,
            "max": 2.9633168668350004e-05,
            "count": 200
        },
        "MoverAObjetivoAgente.Policy.Epsilon.mean": {
            "value": 0.10050966000000001,
            "min": 0.10050966000000001,
            "max": 0.29938560000000003,
            "count": 200
        },
        "MoverAObjetivoAgente.Policy.Epsilon.sum": {
            "value": 0.5025483000000001,
            "min": 0.23889570000000004,
            "max": 0.8926633000000002,
            "count": 200
        },
        "MoverAObjetivoAgente.Policy.Beta.mean": {
            "value": 0.009999999999999998,