{
    "name": "root",
    "gauges": {
        "MoverAObjetivoAgente.Policy.Entropy.mean": {
            "value": 0.5396649241447449,
            "min": 0.22692053020000458,
            "max": 1.9458885192871094,
            "count": 500
        },
        "MoverAObjetivoAgente.Policy.Entropy.sum": {
            "value": 5629.78466796875,
            "min": 2236.52880859375,
            "max": 23911.078125,
            "count": 500
        },
        "MoverAObjetivoAgente.Step.mean": {
            "value": 4999990.0,
            "min": 9982.0,
            "max": 4999990.0,
            "count": 500
        },
        "MoverAObjetivoAgente.Step.sum": {
            "value": 4999990.0,
            "min": 9982.0,
            "max": 4999990.0,
            "count": 500
        },
        "MoverAObjetivoAgente.Policy.ExtrinsicValueEstimate.mean": {
            "value": 0.2944250702857971,
            "min": -0.02754184417426586,
            "max": 0.3883177638053894,
            "count": 500
        },
        "MoverAObjetivoAgente.Policy.ExtrinsicValueEstimate.sum": {
            "value": 50.05226135253906,
            "min": -4.324069499969482,
            "max": 69.12055969238281,
            "count": 500
        },
        "MoverAObjetivoAgente.Losses.PolicyLoss.mean": {
            "value": 0.13582443900660718,
            "min": 0.11918329878622462,
            "max": 0.14811805661408095,
            "count": 500
        },
        "MoverAObjetivoAgente.Losses.PolicyLoss.sum": {
            "value": 0.679122195033036,
            "min": 0.25602228022254414,
            "max": 0.735147296559822,
            "count": 500
        },
        "MoverAObjetivoAgente.Losses.ValueLoss.mean": {
            "value": 0.0023549148003743072,
            "min": 4.0253843675934026e-07,
            "max": 0.008882996175534692,
            "count": 500
        },
        "MoverAObjetivoAgente.Losses.ValueLoss.sum": {
            "value": 0.011774574001871537,
            "min": 8.050768735186805e-07,
            "max": 0.04441498087767346,
            "count": 500
        },
        "MoverAObjetivoAgente.Policy.LearningRate.mean": {
            "value": 9.183509163999636e-09,
            "min": 9.183509163999636e-09,
            "max": 9.98772312277e-06,
            "count": 500
        },
        "MoverAObjetivoAgente.Policy.LearningRate.sum": {
            "value": 4.591754581999818e-08,
            "min": 4.591754581999818e-08,
            "max": 4.205417945900001e-05,
            "count": 500
        },
        "MoverAObjetivoAgente.Policy.Epsilon.mean": {
            "value": 0.10018167200000001,
            "min": 0.10018167200000001,
            "max": 0.29975445999999994,
            "count": 500
        },
        "MoverAObjetivoAgente.Policy.Epsilon.sum": {
            "value": 0.50090836,
            "min": 0.40559792000000006,
            "max": 1.3410819999999999,
            "count": 500
        },
        "MoverAObjetivoAgente.Policy.Beta.mean": {
            "value": 0.009999999999999998,
            "min": 0.009999999999999998,
            "max": 0.009999999999999998,
            "count": 500
        },
        "MoverAObjetivoAgente.Policy.Beta.sum": {
            "value": 0.04999999999999999,
            "min": 0.019999999999999997,
            "max": 0.049999999999999996,
            "count": 500
        },
        "MoverAObjetivoAgente.Environment.EpisodeLength.mean": {
            "value": 336.0,
            "min": 147.66666666666666,
            "max": 9999.0,
            "count": 457
        },
        "MoverAObjetivoAgente.Environment.EpisodeLength.sum": {
            "value": 9408.0,
            "min": 200.0,
            "max": 419958.0,
            "count": 457
        },
        "MoverAObjetivoAgente.Environment.CumulativeReward.mean": {
            "value": 0.9831760705315641,
            "min": -1.3071400842163712,
            "max": 0.9902704567754302,
            "count": 456
        },
        "MoverAObjetivoAgente.Environment.CumulativeReward.sum": {
            "value": 27.528929974883795,
            "min": -20.99905946967192,
            "max": 42.4543299539946,
            "count": 456
        },
        "MoverAObjetivoAgente.Policy.ExtrinsicReward.mean": {
            "value": 0.9831760705315641,
            "min": -1.3071400842163712,
            "max": 0.9902704567754302,
            "count": 456
        },
        "MoverAObjetivoAgente.Policy.ExtrinsicReward.sum": {
            "value": 27.528929974883795,
            "min": -20.99905946967192,
            "max": 42.4543299539946,
            "count": 456
        },
        "MoverAObjetivoAgente.IsTraining.mean": {
            "value": 1.0,
            "min": 1.0,
            "max": 1.0,
            "count": 500
        },
        "MoverAObjetivoAgente.IsTraining.sum": {
            "value": 1.0,
            "min": 1.0,
            "max": 1.0,
            "count": 500
        },
        "MoverAObjetivoOponente.Policy.Entropy.mean": {
            "value": 1.219916582107544,
            "min": 1.1196160316467285,
            "max": 1.9458646774291992,
            "count": 500
        },
        "MoverAObjetivoOponente.Policy.Entropy.sum": {
            "value": 11476.9755859375,
            "min": 10819.9697265625,
            "max": 23910.78515625,
            "count": 500
        },
        "MoverAObjetivoOponente.Environment.EpisodeLength.mean": {
            "value": 815.25,
            "min": 20.0,
            "max": 9999.0,
            "count": 447
        },
        "MoverAObjetivoOponente.Environment.EpisodeLength.sum": {
            "value": 9783.0,
            "min": 20.0,
            "max": 369963.0,
            "count": 447
        },
        "MoverAObjetivoOponente.Step.mean": {
            "value": 4999958.0,
            "min": 9941.0,
            "max": 4999958.0,
            "count": 500
        },
        "MoverAObjetivoOponente.Step.sum": {
            "value": 4999958.0,
            "min": 9941.0,
            "max": 4999958.0,
            "count": 500
        },
        "MoverAObjetivoOponente.Policy.ExtrinsicValueEstimate.mean": {
            "value": 0.1360006183385849,
            "min": -0.0954849049448967,
            "max": 0.23494617640972137,
            "count": 500
        },
        "MoverAObjetivoOponente.Policy.ExtrinsicValueEstimate.sum": {
            "value": 22.032100677490234,
            "min": -14.895645141601562,
            "max": 40.17579650878906,
            "count": 500
        },
        "MoverAObjetivoOponente.Environment.CumulativeReward.mean": {
            "value": 0.959268343828929,
            "min": -1.47334994119592,
            "max": 0.9828337457147427,
            "count": 447
        },
        "MoverAObjetivoOponente.Environment.CumulativeReward.sum": {
            "value": 11.511220125947148,
            "min": -18.498919532226864,
            "max": 21.419279718538746,
            "count": 447
        },
        "MoverAObjetivoOponente.Policy.ExtrinsicReward.mean": {
            "value": 0.959268343828929,
            "min": -1.47334994119592,
            "max": 0.9828337457147427,
            "count": 447
        },
        "MoverAObjetivoOponente.Policy.ExtrinsicReward.sum": {
            "value": 11.511220125947148,
            "min": -18.498919532226864,
            "max": 21.419279718538746,
            "count": 447
        },
        "MoverAObjetivoOponente.Losses.PolicyLoss.mean": {
            "value": 0.13475241514177488,
            "min": 0.11235530573776487,
            "max": 0.15607494710275205,
            "count": 500
        },
        "MoverAObjetivoOponente.Losses.PolicyLoss.sum": {
            "value": 0.5390096605670995,
            "min": 0.22471061147552973,
            "max": 0.7438412034809471,
            "count": 500
        },
        "MoverAObjetivoOponente.Losses.ValueLoss.mean": {
            "value": 0.002099556461219278,
            "min": 1.3068770134744893e-07,