{"count":1,"self":91.7441984,"total":4907.5909835,"children":{"InitializeActuators":{"count":25,"self":0.0016010999999999998,"total":0.0016010999999999998,"children":null},"InitializeSensors":{"count":25,"self":0.000996,"total":0.000996,"children":null},"AgentSendState":{"count":200151,"self":5.7266227999999995,"total":47.8292341,"children":{"CollectObservations":{"count":1000775,"self":0.5191407,"total":0.5191407,"children":null},"CollectDiscreteActionMasks":{"count":1000775,"self":0.5207546,"total":0.5207546,"children":null},"RequestDecision":{"count":1000775,"self":2.7640276,"total":41.062716099999996,"children":{"AgentInfo.ToProto":{"count":1000775,"self":1.9040792,"total":38.298688399999996,"children":{"GenerateSensorData":{"count":1000775,"self":4.1915512,"total":36.3946091,"children":{"RayPerceptionSensor.Perceive":{"count":1000775,"self":32.2030592,"total":32.203057699999995,"children":null}}}}}}}}},"DecideAction":{"count":200151,"self":4763.9453696,"total":4763.9452309,"children":null},"AgentAct":{"count":200151,"self":3.9388503999999998,"total":3.9517965,"children":{"AgentInfo.ToProto":{"count":163,"self":0,"total":0.012946299999999999,"children":{"GenerateSensorData":{"count":163,"self":0.0009971,"total":0.012946299999999999,"children":{"RayPerceptionSensor.Perceive":{"count":163,"self":0.0119492,"total":0.0119492,"children":null}}}}}}},"AgentInfo.ToProto":{"count":1726,"self":0.0109693,"total":0.1169301,"children":{"GenerateSensorData":{"count":1726,"self":0.015938499999999998,"total":0.1059608,"children":{"RayPerceptionSensor.Perceive":{"count":1726,"self":0.0900223,"total":0.0900223,"children":null}}}}}},"gauges":{"MoverAObjetivo.CumulativeReward":{"count":1889,"max":0.9996,"min":-1.49847651,"runningAverage":0.3149532,"value":-1.15119839,"weightedAverage":-0.7344414}},"metadata":{"timer_format_version":"0.1.0","start_time_seconds":"1648926672","unity_version":"2020.3.26f1","command_line_arguments":"C:\\Program Files\\Unity\\Hub\\Editor\\2020.3.26f1\\Editor\\Unity.exe -projectpath C:\\Users\\unais\\TFG_version2\\TFG -useHub -hubIPC -cloudEnvironment production -licensingIpc LicenseClient-aqpHbUv2vN0DM37GFlECI -hubSessionId 24ffefb0-af75-11ec-ab45-4d99de878c84 -accessToken WIpZ49G-tLqJcIySjszIz9-QojNsJkn1aY1j3qz6g44012f","communication_protocol_version":"1.2.0","com.unity.ml-agents_version":"1.5.0-preview","scene_name":"SampleScene","end_time_seconds":"1648931580"}}