{"count":1,"self":232.30187519999998,"total":236.2238428,"children":{"InitializeActuators":{"count":2,"self":0.00099739999999999985,"total":0.00099739999999999985,"children":null},"InitializeSensors":{"count":2,"self":0.0009943,"total":0.0009943,"children":null},"AgentSendState":{"count":11581,"self":0.1811401,"total":0.24581699999999998,"children":{"CollectObservations":{"count":4634,"self":0.0049172999999999994,"total":0.0049172999999999994,"children":null},"WriteActionMask":{"count":4634,"self":0.0039899,"total":0.0039899,"children":null},"RequestDecision":{"count":4634,"self":0.0557697,"total":0.0557697,"children":null}}},"DecideAction":{"count":11581,"self":3.580996,"total":3.5978174999999997,"children":{"RayPerceptionSensor.Perceive":{"count":4634,"self":0.0168216,"total":0.0168216,"children":null}}},"AgentAct":{"count":11581,"self":0.075356899999999991,"total":0.075356899999999991,"children":null}},"gauges":{"MoverAObjetivoAgente.CumulativeReward":{"count":2,"max":0.99394,"min":0.9765199,"runningAverage":0.985229969,"value":0.9765199,"weightedAverage":0.989585},"MoverAObjetivoOponente.CumulativeReward":{"count":6,"max":0.99874,"min":0.958800733,"runningAverage":0.9809068,"value":0.993989944,"weightedAverage":0.984030247}},"metadata":{"timer_format_version":"0.1.0","start_time_seconds":"1651083194","unity_version":"2020.3.26f1","command_line_arguments":"C:\\Program Files\\Unity\\Hub\\Editor\\2020.3.26f1\\Editor\\Unity.exe -projectpath C:\\Users\\unais\\TFG_version2\\TFG -useHub -hubIPC -cloudEnvironment production -licensingIpc LicenseClient-Eo36oPU0EiFEoVpgYghoT -hubSessionId c2f1af60-c613-11ec-a380-27aa57c60543 -accessToken nqWqolOEOS4nZA-3riKsYZatj8BVGK2fzP9rwh98Hm8012f","communication_protocol_version":"1.5.0","com.unity.ml-agents_version":"2.3.0-exp.2","scene_name":"SampleScene","end_time_seconds":"1651083430"}}