{
    "name": "root",
    "gauges": {
        "MoverAObjetivoOponente.Policy.Entropy.mean": {
            "value": 1.9078866243362427,
            "min": 1.793715238571167,
            "max": 1.9458662271499634,
            "count": 300
        },
        "MoverAObjetivoOponente.Policy.Entropy.sum": {
            "value": 20025.177734375,
            "min": 15063.1015625,
            "max": 23910.8046875,
            "count": 300
        },
        "MoverAObjetivoOponente.Environment.EpisodeLength.mean": {
            "value": 8234.0,
            "min": 44.0,
            "max": 9999.0,
            "count": 136
        },
        "MoverAObjetivoOponente.Environment.EpisodeLength.sum": {
            "value": 16468.0,
            "min": 44.0,
            "max": 439956.0,
            "count": 136
        },
        "MoverAObjetivoOponente.Step.mean": {
            "value": 2999985.0,
            "min": 9965.0,
            "max": 2999985.0,
            "count": 300
        },
        "MoverAObjetivoOponente.Step.sum": {
            "value": 2999985.0,
            "min": 9965.0,
            "max": 2999985.0,
            "count": 300
        },
        "MoverAObjetivoOponente.Policy.ExtrinsicValueEstimate.mean": {
            "value": -0.004564560018479824,
            "min": -0.02226930856704712,
            "max": 0.0069504352286458015,
            "count": 300
        },
        "MoverAObjetivoOponente.Policy.ExtrinsicValueEstimate.sum": {
            "value": -0.7166359424591064,
            "min": -3.5185506343841553,
            "max": 1.09121835231781,
            "count": 300
        },
        "MoverAObjetivoOponente.Environment.CumulativeReward.mean": {
            "value": 0.08859501319238916,
            "min": -1.436700056772679,
            "max": 0.997759997844696,
            "count": 136
        },
        "MoverAObjetivoOponente.Environment.CumulativeReward.sum": {
            "value": 0.17719002638477832,
            "min": -21.998959443590138,
            "max": 1.8062499708030373,
            "count": 136
        },
        "MoverAObjetivoOponente.Policy.ExtrinsicReward.mean": {
            "value": 0.08859501319238916,
            "min": -1.436700056772679,
            "max": 0.997759997844696,
            "count": 136
        },
        "MoverAObjetivoOponente.Policy.ExtrinsicReward.sum": {
            "value": 0.17719002638477832,
            "min": -21.998959443590138,
            "max": 1.8062499708030373,
            "count": 136
        },
        "MoverAObjetivoOponente.Losses.PolicyLoss.mean": {
            "value": 0.14552726432590532,
            "min": 0.09836953441511773,
            "max": 0.15039364058854213,
            "count": 300
        },
        "MoverAObjetivoOponente.Losses.PolicyLoss.sum": {
            "value": 0.5821090573036213,
            "min": 0.19673906883023545,
            "max": 0.7354407950436428,
            "count": 300
        },
        "MoverAObjetivoOponente.Losses.ValueLoss.mean": {
            "value": 9.889939856936865e-06,
            "min": 3.16803553113143e-07,
            "max": 0.004803942074400559,
            "count": 300
        },
        "MoverAObjetivoOponente.Losses.ValueLoss.sum": {
            "value": 3.955975942774746e-05,
            "min": 6.33607106226286e-07,
            "max": 0.018698331612327233,
            "count": 300
        },
        "MoverAObjetivoOponente.Policy.LearningRate.mean": {
            "value": 1.6736500299999802e-08,
            "min": 1.6736500299999802e-08,
            "max": 9.9795835375e-06,
            "count": 300
        },
        "MoverAObjetivoOponente.Policy.LearningRate.sum": {
            "value": 6.694600119999921e-08,
            "min": 6.694600119999921e-08,
            "max": 2.9754655786800006e-05,
            "count": 300
        },
        "MoverAObjetivoOponente.Policy.Epsilon.mean": {
            "value": 0.10033273333333334,
            "min": 0.10033273333333334,
            "max": 0.2995916666666667,
            "count": 300
        },
        "MoverAObjetivoOponente.Policy.Epsilon.sum": {
            "value": 0.40133093333333336,
            "min": 0.37133146666666667,
            "max": 0.9085057333333333,
            "count": 300
        },
        "MoverAObjetivoOponente.Policy.Beta.mean": {
            "value": 0.009999999999999998,
            "min": 0.009999999999999998,
            "max": 0.009999999999999998,
            "count": 300
        },
        "MoverAObjetivoOponente.Policy.Beta.sum": {
            "value": 0.039999999999999994,
            "min": 0.019999999999999997,
            "max": 0.04999999999999999,
            "count": 300
        },
        "MoverAObjetivoOponente.IsTraining.mean": {
            "value": 1.0,
            "min": 1.0,
            "max": 1.0,
            "count": 300
        },
        "MoverAObjetivoOponente.IsTraining.sum": {
            "value": 1.0,
            "min": 1.0,
            "max": 1.0,
            "count": 300
        },
        "MoverAObjetivoAgente.Policy.Entropy.mean": {
            "value": 1.3008131980895996,
            "min": 1.1189786195755005,
            "max": 1.945895791053772,
            "count": 300
        },
        "MoverAObjetivoAgente.Policy.Entropy.sum": {
            "value": 12487.806640625,
            "min": 10957.0390625,
            "max": 23911.16796875,
            "count": 300
        },
        "MoverAObjetivoAgente.Environment.EpisodeLength.mean": {
            "value": 376.52941176470586,
            "min": 70.66666666666667,
            "max": 9999.0,
            "count": 245
        },
        "MoverAObjetivoAgente.Environment.EpisodeLength.sum": {
            "value": 6401.0,
            "min": 212.0,
            "max": 469953.0,
            "count": 245
        },
        "MoverAObjetivoAgente.Step.mean": {
            "value": 2999973.0,
            "min": 9943.0,
            "max": 2999973.0,
            "count": 300
        },
        "MoverAObjetivoAgente.Step.sum": {
            "value": 2999973.0,
            "min": 9943.0,
            "max": 2999973.0,
            "count": 300
        },
        "MoverAObjetivoAgente.Policy.ExtrinsicValueEstimate.mean": {
            "value": 0.18814216554164886,
            "min": -0.027597397565841675,
            "max": 0.23724929988384247,
            "count": 300
        },
        "MoverAObjetivoAgente.Policy.ExtrinsicValueEstimate.sum": {
            "value": 30.667173385620117,
            "min": -4.305193901062012,
            "max": 40.095130920410156,
            "count": 300
        },
        "MoverAObjetivoAgente.Environment.CumulativeReward.mean": {
            "value": 0.9811411839498974,
            "min": -1.2580800764262676,
            "max": 0.9851466582622379,
            "count": 245
        },
        "MoverAObjetivoAgente.Environment.CumulativeReward.sum": {
            "value": 16.679400127148256,
            "min": -23.498819405969698,
            "max": 24.43958004983142,
            "count": 245
        },
        "MoverAObjetivoAgente.Policy.ExtrinsicReward.mean": {
            "value": 0.9811411839498974,
            "min": -1.2580800764262676,
            "max": 0.9851466582622379,
            "count": 245
        },
        "MoverAObjetivoAgente.Policy.ExtrinsicReward.sum": {
            "value": 16.679400127148256,
            "min": -23.498819405969698,
            "max": 24.43958004983142,
            "count": 245
        },
        "MoverAObjetivoAgente.Losses.PolicyLoss.mean": {
            "value": 0.13507448837664807,
            "min": 0.10751138737211319,
            "max": 0.14823784157868292,
            "count": 300
        },
        "MoverAObjetivoAgente.Losses.PolicyLoss.sum": {
            "value": 0.6753724418832403,
            "min": 0.21502277474422637,
            "max": 0.7279878621646639,
            "count": 300
        },
        "MoverAObjetivoAgente.Losses.ValueLoss.mean": {
            "value": 0.002504422426037703,