{
    "name": "root",
    "gauges": {
        "MoverAObjetivoAgente.Policy.Entropy.mean": {
            "value": 1.5424113273620605,
            "min": 1.0142542123794556,
            "max": 1.945892333984375,
            "count": 500
        },
        "MoverAObjetivoAgente.Policy.Entropy.sum": {
            "value": 15202.005859375,
            "min": 9970.009765625,
            "max": 23911.125,
            "count": 500
        },
        "MoverAObjetivoAgente.Environment.EpisodeLength.mean": {
            "value": 374.3809523809524,
            "min": 73.5,
            "max": 9999.0,
            "count": 481
        },
        "MoverAObjetivoAgente.Environment.EpisodeLength.sum": {
            "value": 7862.0,
            "min": 121.0,
            "max": 155799.0,
            "count": 481
        },
        "MoverAObjetivoAgente.Step.mean": {
            "value": 4999995.0,
            "min": 9941.0,
            "max": 4999995.0,
            "count": 500
        },
        "MoverAObjetivoAgente.Step.sum": {
            "value": 4999995.0,
            "min": 9941.0,
            "max": 4999995.0,
            "count": 500
        },
        "MoverAObjetivoAgente.Policy.ExtrinsicValueEstimate.mean": {
            "value": 0.1653508096933365,
            "min": -0.023883823305368423,
            "max": 0.34355008602142334,
            "count": 500
        },
        "MoverAObjetivoAgente.Policy.ExtrinsicValueEstimate.sum": {
            "value": 27.61358642578125,
            "min": -3.79752779006958,
            "max": 60.80836486816406,
            "count": 500
        },
        "MoverAObjetivoAgente.Environment.CumulativeReward.mean": {
            "value": 0.8910827258051458,
            "min": -1.2676400381606072,
            "max": 0.9951404147432186,
            "count": 481
        },
        "MoverAObjetivoAgente.Environment.CumulativeReward.sum": {
            "value": 19.603819967713207,
            "min": -3.032469976460561,
            "max": 43.37903023511171,
            "count": 481
        },
        "MoverAObjetivoAgente.Policy.ExtrinsicReward.mean": {
            "value": 0.8910827258051458,
            "min": -1.2676400381606072,
            "max": 0.9951404147432186,
            "count": 481
        },
        "MoverAObjetivoAgente.Policy.ExtrinsicReward.sum": {
            "value": 19.603819967713207,
            "min": -3.032469976460561,
            "max": 43.37903023511171,
            "count": 481
        },
        "MoverAObjetivoAgente.Losses.PolicyLoss.mean": {
            "value": 0.13821185638331093,
            "min": 0.11408063587880442,
            "max": 0.15198595473766646,
            "count": 500
        },
        "MoverAObjetivoAgente.Losses.PolicyLoss.sum": {
            "value": 0.6910592819165546,
            "min": 0.23597508100162184,
            "max": 0.7356792663572853,
            "count": 500
        },
        "MoverAObjetivoAgente.Losses.ValueLoss.mean": {
            "value": 0.003329364372605258,
            "min": 1.1451639700298862e-05,
            "max": 0.012950164517254356,
            "count": 500
        },
        "MoverAObjetivoAgente.Losses.ValueLoss.sum": {
            "value": 0.01664682186302629,
            "min": 2.75730164715308e-05,
            "max": 0.06075622061393136,
            "count": 500
        },
        "MoverAObjetivoAgente.Policy.LearningRate.mean": {
            "value": 1.0745493543999924e-08,
            "min": 1.0745493543999924e-08,
            "max": 9.987786122139999e-06,
            "count": 500
        },
        "MoverAObjetivoAgente.Policy.LearningRate.sum": {
            "value": 5.372746771999962e-08,
            "min": 5.372746771999962e-08,
            "max": 4.484717952872e-05,
            "count": 500
        },
        "MoverAObjetivoAgente.Policy.Epsilon.mean": {
            "value": 0.100212912,
            "min": 0.100212912,
            "max": 0.29975572,
            "count": 500
        },
        "MoverAObjetivoAgente.Policy.Epsilon.sum": {
            "value": 0.50106456,
            "min": 0.4023593200000001,
            "max": 1.3969425599999998,
            "count": 500
        },
        "MoverAObjetivoAgente.Policy.Beta.mean": {
            "value": 0.009999999999999998,
            "min": 0.009999999999999998,
            "max": 0.009999999999999998,
            "count": 500
        },
        "MoverAObjetivoAgente.Policy.Beta.sum": {
            "value": 0.04999999999999999,
            "min": 0.019999999999999997,
            "max": 0.049999999999999996,
            "count": 500
        },
        "MoverAObjetivoAgente.IsTraining.mean": {
            "value": 1.0,
            "min": 1.0,
            "max": 1.0,
            "count": 500
        },
        "MoverAObjetivoAgente.IsTraining.sum": {
            "value": 1.0,
            "min": 1.0,
            "max": 1.0,
            "count": 500
        },
        "MoverAObjetivoOponente.Policy.Entropy.mean": {
            "value": 1.7373583316802979,
            "min": 0.6662918925285339,
            "max": 1.9458059072494507,
            "count": 500
        },
        "MoverAObjetivoOponente.Policy.Entropy.sum": {
            "value": 17568.16796875,
            "min": 6545.36328125,
            "max": 23910.0625,
            "count": 500
        },
        "MoverAObjetivoOponente.Environment.EpisodeLength.mean": {
            "value": 1520.0,
            "min": 89.5,
            "max": 7297.0,
            "count": 487
        },
        "MoverAObjetivoOponente.Environment.EpisodeLength.sum": {
            "value": 13680.0,
            "min": 165.0,
            "max": 59707.0,
            "count": 487
        },
        "MoverAObjetivoOponente.Step.mean": {
            "value": 4999942.0,
            "min": 9973.0,
            "max": 4999942.0,
            "count": 500
        },
        "MoverAObjetivoOponente.Step.sum": {
            "value": 4999942.0,
            "min": 9973.0,
            "max": 4999942.0,
            "count": 500
        },
        "MoverAObjetivoOponente.Policy.ExtrinsicValueEstimate.mean": {
            "value": 0.06805218756198883,
            "min": -0.10215955972671509,
            "max": 0.49582403898239136,
            "count": 500
        },
        "MoverAObjetivoOponente.Policy.ExtrinsicValueEstimate.sum": {
            "value": 10.956402778625488,
            "min": -15.936891555786133,
            "max": 94.702392578125,
            "count": 500
        },
        "MoverAObjetivoOponente.Environment.CumulativeReward.mean": {
            "value": 0.6310909877181985,
            "min": -1.2243600063957274,
            "max": 0.9954176806092548,
            "count": 487
        },
        "MoverAObjetivoOponente.Environment.CumulativeReward.sum": {
            "value": 6.3109098771819845,
            "min": -4.065690017770976,
            "max": 68.58742985897698,
            "count": 487
        },
        "MoverAObjetivoOponente.Policy.ExtrinsicReward.mean": {
            "value": 0.6310909877181985,
            "min": -1.2243600063957274,
            "max": 0.9954176806092548,
            "count": 487
        },
        "MoverAObjetivoOponente.Policy.ExtrinsicReward.sum": {
            "value": 6.3109098771819845,
            "min": -4.065690017770976,
            "max": 68.58742985897698,
            "count": 487
        },
        "MoverAObjetivoOponente.Losses.PolicyLoss.mean": {
            "value": 0.14138320091200907,
            "min": 0.11747175493418559,
            "max": 0.14924235966999663,
            "count": 500
        },
        "MoverAObjetivoOponente.Losses.PolicyLoss.sum": {
            "value": 0.5655328036480363,
            "min": 0.23515932841293127,
            "max": 0.7462117983499832,
            "count": 500
        },
        "MoverAObjetivoOponente.Losses.ValueLoss.mean": {
            "value": 0.003741036810691678,
            "min": 5.5398408174885585e-06,
            "max": 0.013378774284826178,