{
    "name": "root",
    "gauges": {
        "MoverAObjetivoOponente.Policy.Entropy.mean": {
            "value": 1.927836298942566,
            "min": 1.8371919393539429,
            "max": 1.945875883102417,
            "count": 100
        },
        "MoverAObjetivoOponente.Policy.Entropy.sum": {
            "value": 19249.4453125,
            "min": 18443.5703125,
            "max": 19556.052734375,
            "count": 100
        },
        "MoverAObjetivoOponente.Step.mean": {
            "value": 999959.0,
            "min": 9949.0,
            "max": 999959.0,
            "count": 100
        },
        "MoverAObjetivoOponente.Step.sum": {
            "value": 999959.0,
            "min": 9949.0,
            "max": 999959.0,
            "count": 100
        },
        "MoverAObjetivoOponente.Policy.ExtrinsicValueEstimate.mean": {
            "value": -0.00422575743868947,
            "min": -0.05187763646245003,
            "max": 0.03149575740098953,
            "count": 100
        },
        "MoverAObjetivoOponente.Policy.ExtrinsicValueEstimate.sum": {
            "value": -0.663443922996521,
            "min": -8.14478874206543,
            "max": 4.9133381843566895,
            "count": 100
        },
        "MoverAObjetivoOponente.Losses.PolicyLoss.mean": {
            "value": 0.11424631125862814,
            "min": 0.11237525093906468,
            "max": 0.14850622199067995,
            "count": 100
        },
        "MoverAObjetivoOponente.Losses.PolicyLoss.sum": {
            "value": 0.5712315562931407,
            "min": 0.44950100375625873,
            "max": 0.733466273778941,
            "count": 100
        },
        "MoverAObjetivoOponente.Losses.ValueLoss.mean": {
            "value": 0.00010194395579364666,
            "min": 8.61926209893166e-07,
            "max": 0.008791584391170755,
            "count": 100
        },
        "MoverAObjetivoOponente.Losses.ValueLoss.sum": {
            "value": 0.0005097197789682333,
            "min": 3.447704839572664e-06,
            "max": 0.043957921955853775,
            "count": 100
        },
        "MoverAObjetivoOponente.Policy.LearningRate.mean": {
            "value": 5.645143648000017e-08,
            "min": 5.645143648000017e-08,
            "max": 9.947200528000002e-06,
            "count": 100
        },
        "MoverAObjetivoOponente.Policy.LearningRate.sum": {
            "value": 2.8225718240000086e-07,
            "min": 2.8225718240000086e-07,
            "max": 4.926255737450001e-05,
            "count": 100
        },
        "MoverAObjetivoOponente.Policy.Epsilon.mean": {
            "value": 0.10112704000000003,
            "min": 0.10112704000000003,
            "max": 0.298944,
            "count": 100
        },
        "MoverAObjetivoOponente.Policy.Epsilon.sum": {
            "value": 0.5056352000000002,
            "min": 0.41209120000000005,
            "max": 1.4852509999999999,
            "count": 100
        },
        "MoverAObjetivoOponente.Policy.Beta.mean": {
            "value": 0.009999999999999998,
            "min": 0.009999999999999998,
            "max": 0.009999999999999998,
            "count": 100
        },
        "MoverAObjetivoOponente.Policy.Beta.sum": {
            "value": 0.04999999999999999,
            "min": 0.039999999999999994,
            "max": 0.04999999999999999,
            "count": 100
        },
        "MoverAObjetivoOponente.Environment.EpisodeLength.mean": {
            "value": 18176.0,
            "min": 2950.3333333333335,
            "max": 19999.0,
            "count": 58
        },
        "MoverAObjetivoOponente.Environment.EpisodeLength.sum": {
            "value": 18176.0,
            "min": 4998.0,
            "max": 23636.0,
            "count": 58
        },
        "MoverAObjetivoOponente.Environment.CumulativeReward.mean": {
            "value": 0.09162004315294325,
            "min": -1.9888099734671414,
            "max": 0.6387150287628174,
            "count": 58
        },
        "MoverAObjetivoOponente.Environment.CumulativeReward.sum": {
            "value": 0.09162004315294325,
            "min": -6.885040025692433,
            "max": 1.2774300575256348,
            "count": 58
        },
        "MoverAObjetivoOponente.Policy.ExtrinsicReward.mean": {
            "value": 0.09162004315294325,
            "min": -1.9888099734671414,
            "max": 0.6387150287628174,
            "count": 58
        },
        "MoverAObjetivoOponente.Policy.ExtrinsicReward.sum": {
            "value": 0.09162004315294325,
            "min": -6.885040025692433,
            "max": 1.2774300575256348,
            "count": 58
        },
        "MoverAObjetivoOponente.IsTraining.mean": {
            "value": 1.0,
            "min": 1.0,
            "max": 1.0,
            "count": 100
        },
        "MoverAObjetivoOponente.IsTraining.sum": {
            "value": 1.0,
            "min": 1.0,
            "max": 1.0,
            "count": 100
        },
        "MoverAObjetivoAgente.Policy.Entropy.mean": {
            "value": 1.9103937149047852,
            "min": 1.8636960983276367,
            "max": 1.945884108543396,
            "count": 100
        },
        "MoverAObjetivoAgente.Policy.Entropy.sum": {
            "value": 19103.9375,
            "min": 18636.9609375,
            "max": 19622.294921875,
            "count": 100
        },
        "MoverAObjetivoAgente.Step.mean": {
            "value": 999942.0,
            "min": 9983.0,
            "max": 999942.0,
            "count": 100
        },
        "MoverAObjetivoAgente.Step.sum": {
            "value": 999942.0,
            "min": 9983.0,
            "max": 999942.0,
            "count": 100
        },
        "MoverAObjetivoAgente.Policy.ExtrinsicValueEstimate.mean": {
            "value": -0.0013868747046217322,
            "min": -0.0393989235162735,
            "max": 0.030130600556731224,
            "count": 100
        },
        "MoverAObjetivoAgente.Policy.ExtrinsicValueEstimate.sum": {
            "value": -0.22189995646476746,
            "min": -6.30382776260376,
            "max": 4.820896148681641,
            "count": 100
        },
        "MoverAObjetivoAgente.Losses.PolicyLoss.mean": {
            "value": 0.1328350876426348,
            "min": 0.12962457580094147,
            "max": 0.14735781632674236,
            "count": 100
        },
        "MoverAObjetivoAgente.Losses.PolicyLoss.sum": {
            "value": 0.664175438213174,
            "min": 0.5184983032037659,
            "max": 0.7367890816337118,
            "count": 100
        },
        "MoverAObjetivoAgente.Losses.ValueLoss.mean": {
            "value": 1.4657422621169487e-05,
            "min": 1.9918073794755743e-07,
            "max": 0.004132599352956253,
            "count": 100
        },
        "MoverAObjetivoAgente.Losses.ValueLoss.sum": {
            "value": 7.328711310584743e-05,
            "min": 8.158357073980345e-07,
            "max": 0.019548833304212657,
            "count": 100
        },
        "MoverAObjetivoAgente.Policy.LearningRate.mean": {
            "value": 4.266357435999983e-08,
            "min": 4.266357435999983e-08,
            "max": 9.947928020725e-06,
            "count": 100
        },
        "MoverAObjetivoAgente.Policy.LearningRate.sum": {
            "value": 2.1331787179999915e-07,
            "min": 2.1331787179999915e-07,
            "max": 4.92752572475e-05,
            "count": 100
        },
        "MoverAObjetivoAgente.Policy.Epsilon.mean": {
            "value": 0.10085127999999999,
            "min": 0.10085127999999999,
            "max": 0.29895855000000005,
            "count": 100
        },
        "MoverAObjetivoAgente.Policy.Epsilon.sum": {
            "value": 0.5042563999999999,
            "min": 0.4439023999999999,
            "max": 1.4855049999999999,
            "count": 100
        },
        "MoverAObjetivoAgente.Policy.Beta.mean": {
            "value": 0.009999999999999998,