{
    "name": "root",
    "gauges": {
        "MoverAObjetivoAgente.Policy.Entropy.mean": {
            "value": 1.1122938394546509,
            "min": 1.0336074829101562,
            "max": 1.9458719491958618,
            "count": 300
        },
        "MoverAObjetivoAgente.Policy.Entropy.sum": {
            "value": 10962.767578125,
            "min": 10152.408203125,
            "max": 23910.875,
            "count": 300
        },
        "MoverAObjetivoAgente.Environment.EpisodeLength.mean": {
            "value": 437.1875,
            "min": 63.0,
            "max": 9999.0,
            "count": 267
        },
        "MoverAObjetivoAgente.Environment.EpisodeLength.sum": {
            "value": 6995.0,
            "min": 189.0,
            "max": 329967.0,
            "count": 267
        },
        "MoverAObjetivoAgente.Step.mean": {
            "value": 2999958.0,
            "min": 9984.0,
            "max": 2999958.0,
            "count": 300
        },
        "MoverAObjetivoAgente.Step.sum": {
            "value": 2999958.0,
            "min": 9984.0,
            "max": 2999958.0,
            "count": 300
        },
        "MoverAObjetivoAgente.Policy.ExtrinsicValueEstimate.mean": {
            "value": 0.19668146967887878,
            "min": -0.01653333008289337,
            "max": 0.29970425367355347,
            "count": 300
        },
        "MoverAObjetivoAgente.Policy.ExtrinsicValueEstimate.sum": {
            "value": 32.255760192871094,
            "min": -2.5957326889038086,
            "max": 51.249427795410156,
            "count": 300
        },
        "MoverAObjetivoAgente.Environment.CumulativeReward.mean": {
            "value": 0.9781099964893656,
            "min": -1.3360200186725706,
            "max": 0.9854947333959373,
            "count": 268
        },
        "MoverAObjetivoAgente.Environment.CumulativeReward.sum": {
            "value": 15.64975994382985,
            "min": -16.49936958280159,
            "max": 30.435609854757786,
            "count": 268
        },
        "MoverAObjetivoAgente.Policy.ExtrinsicReward.mean": {
            "value": 0.9781099964893656,
            "min": -1.3360200186725706,
            "max": 0.9854947333959373,
            "count": 268
        },
        "MoverAObjetivoAgente.Policy.ExtrinsicReward.sum": {
            "value": 15.64975994382985,
            "min": -16.49936958280159,
            "max": 30.435609854757786,
            "count": 268
        },
        "MoverAObjetivoAgente.Losses.PolicyLoss.mean": {
            "value": 0.13850768079419393,
            "min": 0.1005711139496559,
            "max": 0.14975611532253086,
            "count": 300
        },
        "MoverAObjetivoAgente.Losses.PolicyLoss.sum": {
            "value": 0.5540307231767757,
            "min": 0.2011422278993118,
            "max": 0.7305573165097459,
            "count": 300
        },
        "MoverAObjetivoAgente.Losses.ValueLoss.mean": {
            "value": 0.002619670962535671,
            "min": 2.9540579803051985e-06,
            "max": 0.007819194494468442,
            "count": 300
        },
        "MoverAObjetivoAgente.Losses.ValueLoss.sum": {
            "value": 0.010478683850142684,
            "min": 5.908115960610397e-06,
            "max": 0.03909597247234221,
            "count": 300
        },
        "MoverAObjetivoAgente.Policy.LearningRate.mean": {
            "value": 1.69498315000002e-08,
            "min": 1.69498315000002e-08,
            "max": 9.97977186895e-06,
            "count": 300
        },
        "MoverAObjetivoAgente.Policy.LearningRate.sum": {
            "value": 6.77993260000008e-08,
            "min": 6.77993260000008e-08,
            "max": 3.8426485736300006e-05,
            "count": 300
        },
        "MoverAObjetivoAgente.Policy.Epsilon.mean": {
            "value": 0.10033700000000001,
            "min": 0.10033700000000001,
            "max": 0.29959543333333327,
            "count": 300
        },
        "MoverAObjetivoAgente.Policy.Epsilon.sum": {
            "value": 0.40134800000000004,
            "min": 0.40134800000000004,
            "max": 1.2685274000000002,
            "count": 300
        },
        "MoverAObjetivoAgente.Policy.Beta.mean": {
            "value": 0.009999999999999998,
            "min": 0.009999999999999998,
            "max": 0.01,
            "count": 300
        },
        "MoverAObjetivoAgente.Policy.Beta.sum": {
            "value": 0.039999999999999994,
            "min": 0.019999999999999997,
            "max": 0.04999999999999999,
            "count": 300
        },
        "MoverAObjetivoAgente.IsTraining.mean": {
            "value": 1.0,
            "min": 1.0,
            "max": 1.0,
            "count": 300
        },
        "MoverAObjetivoAgente.IsTraining.sum": {
            "value": 1.0,
            "min": 1.0,
            "max": 1.0,
            "count": 300
        },
        "MoverAObjetivoOponente.Policy.Entropy.mean": {
            "value": 1.8892834186553955,
            "min": 1.8300929069519043,
            "max": 1.9458481073379517,
            "count": 300
        },
        "MoverAObjetivoOponente.Policy.Entropy.sum": {
            "value": 19104.43359375,
            "min": 15025.9951171875,
            "max": 23910.58203125,
            "count": 300
        },
        "MoverAObjetivoOponente.Environment.EpisodeLength.mean": {
            "value": 6541.0,
            "min": 38.0,
            "max": 9999.0,
            "count": 145
        },
        "MoverAObjetivoOponente.Environment.EpisodeLength.sum": {
            "value": 6541.0,
            "min": 38.0,
            "max": 459954.0,
            "count": 145
        },
        "MoverAObjetivoOponente.Step.mean": {
            "value": 2999941.0,
            "min": 9959.0,
            "max": 2999941.0,
            "count": 300
        },
        "MoverAObjetivoOponente.Step.sum": {
            "value": 2999941.0,
            "min": 9959.0,
            "max": 2999941.0,
            "count": 300
        },
        "MoverAObjetivoOponente.Policy.ExtrinsicValueEstimate.mean": {
            "value": 0.005975725594907999,
            "min": -0.0152425616979599,
            "max": 0.009499658830463886,
            "count": 300
        },
        "MoverAObjetivoOponente.Policy.ExtrinsicValueEstimate.sum": {
            "value": 0.938188910484314,
            "min": -2.408324718475342,
            "max": 1.4914464950561523,
            "count": 300
        },
        "MoverAObjetivoOponente.Environment.CumulativeReward.mean": {
            "value": 0.6732599926181138,
            "min": -1.418625055346638,
            "max": 0.9872633022411416,
            "count": 145
        },
        "MoverAObjetivoOponente.Environment.CumulativeReward.sum": {
            "value": 0.6732599926181138,
            "min": -22.99825941788731,
            "max": 2.961789906723425,
            "count": 145
        },
        "MoverAObjetivoOponente.Policy.ExtrinsicReward.mean": {
            "value": 0.6732599926181138,
            "min": -1.418625055346638,
            "max": 0.9872633022411416,
            "count": 145
        },
        "MoverAObjetivoOponente.Policy.ExtrinsicReward.sum": {
            "value": 0.6732599926181138,
            "min": -22.99825941788731,
            "max": 2.961789906723425,
            "count": 145
        },
        "MoverAObjetivoOponente.Losses.PolicyLoss.mean": {
            "value": 0.13534024143408913,
            "min": 0.10248833648376214,
            "max": 0.15198231707351323,
            "count": 300
        },
        "MoverAObjetivoOponente.Losses.PolicyLoss.sum": {
            "value": 0.6767012071704456,
            "min": 0.2070766455200615,
            "max": 0.7304995958834435,
            "count": 300
        },
        "MoverAObjetivoOponente.Losses.ValueLoss.mean": {
            "value": 0.0008233739386854672,
            "min": 5.7449938988910855e-08,
            "max": 0.0041775196476634465,