{
    "name": "root",
    "gauges": {
        "MoverAObjetivoOponente.Policy.Entropy.mean": {
            "value": 1.8399773836135864,
            "min": 1.7185107469558716,
            "max": 1.9458214044570923,
            "count": 200
        },
        "MoverAObjetivoOponente.Policy.Entropy.sum": {
            "value": 18401.61328125,
            "min": 17142.14453125,
            "max": 19551.61328125,
            "count": 200
        },
        "MoverAObjetivoOponente.Step.mean": {
            "value": 1999960.0,
            "min": 9984.0,
            "max": 1999960.0,
            "count": 200
        },
        "MoverAObjetivoOponente.Step.sum": {
            "value": 1999960.0,
            "min": 9984.0,
            "max": 1999960.0,
            "count": 200
        },
        "MoverAObjetivoOponente.Policy.ExtrinsicValueEstimate.mean": {
            "value": 0.015713704749941826,
            "min": -0.05442696437239647,
            "max": 0.07020971179008484,
            "count": 200
        },
        "MoverAObjetivoOponente.Policy.ExtrinsicValueEstimate.sum": {
            "value": 2.4670515060424805,
            "min": -8.490606307983398,
            "max": 11.233553886413574,
            "count": 200
        },
        "MoverAObjetivoOponente.Losses.PolicyLoss.mean": {
            "value": 0.13195868599189758,
            "min": 0.1266165731397441,
            "max": 0.14813546373348946,
            "count": 200
        },
        "MoverAObjetivoOponente.Losses.PolicyLoss.sum": {
            "value": 0.6597934299594879,
            "min": 0.5318318160490715,
            "max": 0.7406773186674473,
            "count": 200
        },
        "MoverAObjetivoOponente.Losses.ValueLoss.mean": {
            "value": 0.0006823993747973578,
            "min": 1.35455592947416e-07,
            "max": 0.005959408500113124,
            "count": 200
        },
        "MoverAObjetivoOponente.Losses.ValueLoss.sum": {
            "value": 0.0034119968739867892,
            "min": 6.7727796473708e-07,
            "max": 0.023837634000452496,
            "count": 200
        },
        "MoverAObjetivoOponente.Policy.LearningRate.mean": {
            "value": 2.297277126999992e-08,
            "min": 2.297277126999992e-08,
            "max": 9.973600264e-06,
            "count": 200
        },
        "MoverAObjetivoOponente.Policy.LearningRate.sum": {
            "value": 1.1486385634999961e-07,
            "min": 1.1486385634999961e-07,
            "max": 4.963040369600001e-05,
            "count": 200
        },
        "MoverAObjetivoOponente.Policy.Epsilon.mean": {
            "value": 0.10045746000000003,
            "min": 0.10045746000000003,
            "max": 0.299472,
            "count": 200
        },
        "MoverAObjetivoOponente.Policy.Epsilon.sum": {
            "value": 0.5022873000000001,
            "min": 0.41398759999999996,
            "max": 1.492608,
            "count": 200
        },
        "MoverAObjetivoOponente.Policy.Beta.mean": {
            "value": 0.009999999999999998,
            "min": 0.009999999999999998,
            "max": 0.009999999999999998,
            "count": 200
        },
        "MoverAObjetivoOponente.Policy.Beta.sum": {
            "value": 0.04999999999999999,
            "min": 0.039999999999999994,
            "max": 0.04999999999999999,
            "count": 200
        },
        "MoverAObjetivoOponente.IsTraining.mean": {
            "value": 1.0,
            "min": 1.0,
            "max": 1.0,
            "count": 200
        },
        "MoverAObjetivoOponente.IsTraining.sum": {
            "value": 1.0,
            "min": 1.0,
            "max": 1.0,
            "count": 200
        },
        "MoverAObjetivoAgente.Policy.Entropy.mean": {
            "value": 1.9230486154556274,
            "min": 1.81803297996521,
            "max": 1.9458991289138794,
            "count": 200
        },
        "MoverAObjetivoAgente.Policy.Entropy.sum": {
            "value": 19268.947265625,
            "min": 18205.65625,
            "max": 19552.39453125,
            "count": 200
        },
        "MoverAObjetivoAgente.Step.mean": {
            "value": 1999978.0,
            "min": 9984.0,
            "max": 1999978.0,
            "count": 200
        },
        "MoverAObjetivoAgente.Step.sum": {
            "value": 1999978.0,
            "min": 9984.0,
            "max": 1999978.0,
            "count": 200
        },
        "MoverAObjetivoAgente.Policy.ExtrinsicValueEstimate.mean": {
            "value": -0.006502308417111635,
            "min": -0.03286624327301979,
            "max": 0.027477523311972618,
            "count": 200
        },
        "MoverAObjetivoAgente.Policy.ExtrinsicValueEstimate.sum": {
            "value": -1.027364730834961,
            "min": -5.160000324249268,
            "max": 4.319936275482178,
            "count": 200
        },
        "MoverAObjetivoAgente.Losses.PolicyLoss.mean": {
            "value": 0.13791697696991784,
            "min": 0.12084827460382346,
            "max": 0.14955576761154618,
            "count": 200
        },
        "MoverAObjetivoAgente.Losses.PolicyLoss.sum": {
            "value": 0.6895848848495891,
            "min": 0.5348931871502203,
            "max": 0.7477788380577309,
            "count": 200
        },
        "MoverAObjetivoAgente.Losses.ValueLoss.mean": {
            "value": 0.001739193143192241,
            "min": 1.9863154952781292e-07,
            "max": 0.007263337383885658,
            "count": 200
        },
        "MoverAObjetivoAgente.Losses.ValueLoss.sum": {
            "value": 0.008695965715961205,
            "min": 7.998479128278142e-07,
            "max": 0.03631668691942829,
            "count": 200
        },
        "MoverAObjetivoAgente.Policy.LearningRate.mean": {
            "value": 2.8725713739999812e-08,
            "min": 2.8725713739999812e-08,
            "max": 9.973760262399999e-06,
            "count": 200
        },
        "MoverAObjetivoAgente.Policy.LearningRate.sum": {
            "value": 1.4362856869999906e-07,
            "min": 1.4362856869999906e-07,
            "max": 4.9632963670400004e-05,
            "count": 200
        },
        "MoverAObjetivoAgente.Policy.Epsilon.mean": {
            "value": 0.10057252000000001,
            "min": 0.10057252000000001,
            "max": 0.29947520000000005,
            "count": 200
        },
        "MoverAObjetivoAgente.Policy.Epsilon.sum": {
            "value": 0.5028626,
            "min": 0.40605840000000004,
            "max": 1.4926591999999999,
            "count": 200
        },
        "MoverAObjetivoAgente.Policy.Beta.mean": {
            "value": 0.009999999999999998,
            "min": 0.009999999999999998,
            "max": 0.009999999999999998,
            "count": 200
        },
        "MoverAObjetivoAgente.Policy.Beta.sum": {
            "value": 0.04999999999999999,
            "min": 0.039999999999999994,
            "max": 0.04999999999999999,
            "count": 200
        },
        "MoverAObjetivoAgente.Environment.EpisodeLength.mean": {
            "value": 3808.3333333333335,
            "min": 1902.75,
            "max": 3999.0,
            "count": 200
        },
        "MoverAObjetivoAgente.Environment.EpisodeLength.sum": {
            "value": 11425.0,
            "min": 6567.0,
            "max": 13015.0,
            "count": 200
        },
        "MoverAObjetivoAgente.Environment.CumulativeReward.mean": {
            "value": 0.14287332709257802,
            "min": -1.1528066953954597,
            "max": 0.6548150037706364,
            "count": 200
        },
        "MoverAObjetivoAgente.Environment.CumulativeReward.sum": {
            "value": 0.42861998127773404,
            "min": -3.458420086186379,
            "max": 2.6192600150825456,
            "count": 200
        },
        "MoverAObjetivoAgente.Policy.ExtrinsicReward.mean": {
            "value": 0.14287332709257802,