{"cameraMode":{"drawMode":0,"name":"Shaded","section":"Shading Mode"},"sceneLighting":false,"audioPlay":false,"sceneViewState":{"m_AlwaysRefresh":false,"showFog":true,"showSkybox":false,"showFlares":true,"showImageEffects":true,"showParticleSystems":true,"showVisualEffectGraphs":true,"m_FxEnabled":true},"in2DMode":false,"pivot":{"x":5.929999828338623,"y":-5.636078834533691,"z":0.7400000095367432},"rotation":{"x":0.00036942976294085383,"y":0.8233697414398193,"z":-0.5675603747367859,"w":0.0005019593518227339},"size":0.8660258054733276,"orthographic":false}