{
    "name": "root",
    "gauges": {
        "MoverAObjetivoAgente.Policy.Entropy.mean": {
            "value": 1.9053021669387817,
            "min": 1.766679286956787,
            "max": 1.9458856582641602,
            "count": 500
        },
        "MoverAObjetivoAgente.Policy.Entropy.sum": {
            "value": 18900.59765625,
            "min": 15006.4697265625,
            "max": 23911.04296875,
            "count": 500
        },
        "MoverAObjetivoAgente.Environment.EpisodeLength.mean": {
            "value": 9999.0,
            "min": 97.0,
            "max": 9999.0,
            "count": 323
        },
        "MoverAObjetivoAgente.Environment.EpisodeLength.sum": {
            "value": 9999.0,
            "min": 97.0,
            "max": 369963.0,
            "count": 323
        },
        "MoverAObjetivoAgente.Step.mean": {
            "value": 4999952.0,
            "min": 9978.0,
            "max": 4999952.0,
            "count": 500
        },
        "MoverAObjetivoAgente.Step.sum": {
            "value": 4999952.0,
            "min": 9978.0,
            "max": 4999952.0,
            "count": 500
        },
        "MoverAObjetivoAgente.Policy.ExtrinsicValueEstimate.mean": {
            "value": -0.007317191455513239,
            "min": -0.04446523264050484,
            "max": 0.035635195672512054,
            "count": 500
        },
        "MoverAObjetivoAgente.Policy.ExtrinsicValueEstimate.sum": {
            "value": -1.1487990617752075,
            "min": -7.025506496429443,
            "max": 5.630361080169678,
            "count": 500
        },
        "MoverAObjetivoAgente.Environment.CumulativeReward.mean": {
            "value": -0.49989998736418784,
            "min": -1.4877649773843586,
            "max": 0.9300300409086049,
            "count": 323
        },
        "MoverAObjetivoAgente.Environment.CumulativeReward.sum": {
            "value": -0.49989998736418784,
            "min": -18.49713953398168,
            "max": 1.1892900031525642,
            "count": 323
        },
        "MoverAObjetivoAgente.Policy.ExtrinsicReward.mean": {
            "value": -0.49989998736418784,
            "min": -1.4877649773843586,
            "max": 0.9300300409086049,
            "count": 323
        },
        "MoverAObjetivoAgente.Policy.ExtrinsicReward.sum": {
            "value": -0.49989998736418784,
            "min": -18.49713953398168,
            "max": 1.1892900031525642,
            "count": 323
        },
        "MoverAObjetivoAgente.Losses.PolicyLoss.mean": {
            "value": 0.12614885580801224,
            "min": 0.1078458651021402,
            "max": 0.1511911689087309,
            "count": 500
        },
        "MoverAObjetivoAgente.Losses.PolicyLoss.sum": {
            "value": 0.6307442790400613,
            "min": 0.2156917302042804,
            "max": 0.7398353670234004,
            "count": 500
        },
        "MoverAObjetivoAgente.Losses.ValueLoss.mean": {
            "value": 4.325825469898133e-06,
            "min": 1.7246129403119475e-07,
            "max": 0.007974450200440106,
            "count": 500
        },
        "MoverAObjetivoAgente.Losses.ValueLoss.sum": {
            "value": 2.1629127349490663e-05,
            "min": 3.719054999379301e-07,
            "max": 0.025877206749708552,
            "count": 500
        },
        "MoverAObjetivoAgente.Policy.LearningRate.mean": {
            "value": 1.0192699072000013e-08,
            "min": 1.0192699072000013e-08,
            "max": 9.987829121710002e-06,
            "count": 500
        },
        "MoverAObjetivoAgente.Policy.LearningRate.sum": {
            "value": 5.096349536000007e-08,
            "min": 5.096349536000007e-08,
            "max": 3.734303257094e-05,
            "count": 500
        },
        "MoverAObjetivoAgente.Policy.Epsilon.mean": {
            "value": 0.100201856,
            "min": 0.100201856,
            "max": 0.29975658,
            "count": 500
        },
        "MoverAObjetivoAgente.Policy.Epsilon.sum": {
            "value": 0.50100928,
            "min": 0.40401728,
            "max": 1.24685812,
            "count": 500
        },
        "MoverAObjetivoAgente.Policy.Beta.mean": {
            "value": 0.009999999999999998,
            "min": 0.009999999999999998,
            "max": 0.009999999999999998,
            "count": 500
        },
        "MoverAObjetivoAgente.Policy.Beta.sum": {
            "value": 0.04999999999999999,
            "min": 0.019999999999999997,
            "max": 0.04999999999999999,
            "count": 500
        },
        "MoverAObjetivoAgente.IsTraining.mean": {
            "value": 1.0,
            "min": 1.0,
            "max": 1.0,
            "count": 500
        },
        "MoverAObjetivoAgente.IsTraining.sum": {
            "value": 1.0,
            "min": 1.0,
            "max": 1.0,
            "count": 500
        },
        "MoverAObjetivoOponente.Policy.Entropy.mean": {
            "value": 1.6174681186676025,
            "min": 1.097829818725586,
            "max": 1.9458898305892944,
            "count": 500
        },
        "MoverAObjetivoOponente.Policy.Entropy.sum": {
            "value": 16459.35546875,
            "min": 10468.9052734375,
            "max": 23911.09375,
            "count": 500
        },
        "MoverAObjetivoOponente.Environment.EpisodeLength.mean": {
            "value": 369.875,
            "min": 95.28571428571429,
            "max": 8354.0,
            "count": 475
        },
        "MoverAObjetivoOponente.Environment.EpisodeLength.sum": {
            "value": 2959.0,
            "min": 257.0,
            "max": 108242.0,
            "count": 475
        },
        "MoverAObjetivoOponente.Step.mean": {
            "value": 4999944.0,
            "min": 9954.0,
            "max": 4999944.0,
            "count": 500
        },
        "MoverAObjetivoOponente.Step.sum": {
            "value": 4999944.0,
            "min": 9954.0,
            "max": 4999944.0,
            "count": 500
        },
        "MoverAObjetivoOponente.Policy.ExtrinsicValueEstimate.mean": {
            "value": 0.075789675116539,
            "min": -0.05285901576280594,
            "max": 0.3376047909259796,
            "count": 500
        },
        "MoverAObjetivoOponente.Policy.ExtrinsicValueEstimate.sum": {
            "value": 12.126348495483398,
            "min": -8.351724624633789,
            "max": 59.41844177246094,
            "count": 500
        },
        "MoverAObjetivoOponente.Environment.CumulativeReward.mean": {
            "value": 0.9814774922269862,
            "min": -1.1363100355956703,
            "max": 0.9909722294606682,
            "count": 475
        },
        "MoverAObjetivoOponente.Environment.CumulativeReward.sum": {
            "value": 7.85181993781589,
            "min": -7.033570202533156,
            "max": 31.34099967777729,
            "count": 475
        },
        "MoverAObjetivoOponente.Policy.ExtrinsicReward.mean": {
            "value": 0.9814774922269862,
            "min": -1.1363100355956703,
            "max": 0.9909722294606682,
            "count": 475
        },
        "MoverAObjetivoOponente.Policy.ExtrinsicReward.sum": {
            "value": 7.85181993781589,
            "min": -7.033570202533156,
            "max": 31.34099967777729,
            "count": 475
        },
        "MoverAObjetivoOponente.Losses.PolicyLoss.mean": {
            "value": 0.13533870659987063,
            "min": 0.10445072890747058,
            "max": 0.1480969555294047,
            "count": 500
        },
        "MoverAObjetivoOponente.Losses.PolicyLoss.sum": {
            "value": 0.6766935329993531,
            "min": 0.21824364026785287,
            "max": 0.7404847776470235,
            "count": 500
        },
        "MoverAObjetivoOponente.Losses.ValueLoss.mean": {
            "value": 0.0009338079105069865,
            "min": 3.2537302630438375e-07,
            "max": 0.010632058683309714,