{
    "name": "root",
    "gauges": {
        "MoverAObjetivoOponente.Policy.Entropy.mean": {
            "value": 1.931485652923584,
            "min": 1.9170109033584595,
            "max": 1.9458894729614258,
            "count": 200
        },
        "MoverAObjetivoOponente.Policy.Entropy.sum": {
            "value": 18789.4921875,
            "min": 15776.49609375,
            "max": 23911.08984375,
            "count": 200
        },
        "MoverAObjetivoOponente.Environment.EpisodeLength.mean": {
            "value": 9999.0,
            "min": 49.0,
            "max": 9999.0,
            "count": 92
        },
        "MoverAObjetivoOponente.Environment.EpisodeLength.sum": {
            "value": 9999.0,
            "min": 98.0,
            "max": 489862.0,
            "count": 92
        },
        "MoverAObjetivoOponente.Step.mean": {
            "value": 1999949.0,
            "min": 9956.0,
            "max": 1999949.0,
            "count": 200
        },
        "MoverAObjetivoOponente.Step.sum": {
            "value": 1999949.0,
            "min": 9956.0,
            "max": 1999949.0,
            "count": 200
        },
        "MoverAObjetivoOponente.Policy.ExtrinsicValueEstimate.mean": {
            "value": -0.004148013889789581,
            "min": -0.04377758875489235,
            "max": 0.013882357627153397,
            "count": 200
        },
        "MoverAObjetivoOponente.Policy.ExtrinsicValueEstimate.sum": {
            "value": -0.651238203048706,
            "min": -6.873081207275391,
            "max": 2.179530143737793,
            "count": 200
        },
        "MoverAObjetivoOponente.Environment.CumulativeReward.mean": {
            "value": -0.49952998774824664,
            "min": -1.478280023438856,
            "max": 0.9776299274526536,
            "count": 92
        },
        "MoverAObjetivoOponente.Environment.CumulativeReward.sum": {
            "value": -0.49952998774824664,
            "min": -23.494259360071737,
            "max": 2.7096700065303594,
            "count": 92
        },
        "MoverAObjetivoOponente.Policy.ExtrinsicReward.mean": {
            "value": -0.49952998774824664,
            "min": -1.478280023438856,
            "max": 0.9776299274526536,
            "count": 92
        },
        "MoverAObjetivoOponente.Policy.ExtrinsicReward.sum": {
            "value": -0.49952998774824664,
            "min": -23.494259360071737,
            "max": 2.7096700065303594,
            "count": 92
        },
        "MoverAObjetivoOponente.Losses.PolicyLoss.mean": {
            "value": 0.13615746111972293,
            "min": 0.0944750282825904,
            "max": 0.14611914296022344,
            "count": 200
        },
        "MoverAObjetivoOponente.Losses.PolicyLoss.sum": {
            "value": 0.5446298444788917,
            "min": 0.1889500565651808,
            "max": 0.7295552418842636,
            "count": 200
        },
        "MoverAObjetivoOponente.Losses.ValueLoss.mean": {
            "value": 1.0548269010189614e-05,
            "min": 2.0092655728572623e-07,
            "max": 0.004077207982463552,
            "count": 200
        },
        "MoverAObjetivoOponente.Losses.ValueLoss.sum": {
            "value": 4.2193076040758455e-05,
            "min": 4.0185311457145245e-07,
            "max": 0.016308831929854207,
            "count": 200
        },
        "MoverAObjetivoOponente.Policy.LearningRate.mean": {
            "value": 2.649473604999989e-08,
            "min": 2.649473604999989e-08,
            "max": 9.969665303350001e-06,
            "count": 200
        },
        "MoverAObjetivoOponente.Policy.LearningRate.sum": {
            "value": 1.0597894419999956e-07,
            "min": 1.0597894419999956e-07,
            "max": 2.96330536695e-05,
            "count": 200
        },
        "MoverAObjetivoOponente.Policy.Epsilon.mean": {
            "value": 0.1005279,
            "min": 0.1005279,
            "max": 0.2993933,
            "count": 200
        },
        "MoverAObjetivoOponente.Policy.Epsilon.sum": {
            "value": 0.4021116,
            "min": 0.3110422,
            "max": 0.8926610000000001,
            "count": 200
        },
        "MoverAObjetivoOponente.Policy.Beta.mean": {
            "value": 0.009999999999999998,
            "min": 0.009999999999999998,
            "max": 0.009999999999999998,
            "count": 200
        },
        "MoverAObjetivoOponente.Policy.Beta.sum": {
            "value": 0.039999999999999994,
            "min": 0.019999999999999997,
            "max": 0.04999999999999999,
            "count": 200
        },
        "MoverAObjetivoOponente.IsTraining.mean": {
            "value": 1.0,
            "min": 1.0,
            "max": 1.0,
            "count": 200
        },
        "MoverAObjetivoOponente.IsTraining.sum": {
            "value": 1.0,
            "min": 1.0,
            "max": 1.0,
            "count": 200
        },
        "MoverAObjetivoAgente.Policy.Entropy.mean": {
            "value": 1.1571248769760132,
            "min": 1.1100852489471436,
            "max": 1.9458956718444824,
            "count": 200
        },
        "MoverAObjetivoAgente.Policy.Entropy.sum": {
            "value": 11404.623046875,
            "min": 11064.958984375,
            "max": 23911.166015625,
            "count": 200
        },
        "MoverAObjetivoAgente.Environment.EpisodeLength.mean": {
            "value": 548.5,
            "min": 48.0,
            "max": 9999.0,
            "count": 155
        },
        "MoverAObjetivoAgente.Environment.EpisodeLength.sum": {
            "value": 9873.0,
            "min": 96.0,
            "max": 430658.0,
            "count": 155
        },
        "MoverAObjetivoAgente.Step.mean": {
            "value": 1999992.0,
            "min": 9954.0,
            "max": 1999992.0,
            "count": 200
        },
        "MoverAObjetivoAgente.Step.sum": {
            "value": 1999992.0,
            "min": 9954.0,
            "max": 1999992.0,
            "count": 200
        },
        "MoverAObjetivoAgente.Policy.ExtrinsicValueEstimate.mean": {
            "value": 0.20461903512477875,
            "min": -0.02650093287229538,
            "max": 0.259817510843277,
            "count": 200
        },
        "MoverAObjetivoAgente.Policy.ExtrinsicValueEstimate.sum": {
            "value": 33.55752182006836,
            "min": -4.160646438598633,
            "max": 44.168975830078125,
            "count": 200
        },
        "MoverAObjetivoAgente.Environment.CumulativeReward.mean": {
            "value": 0.9725538729043264,
            "min": -1.1767699683550745,
            "max": 0.9868560002185405,
            "count": 155
        },
        "MoverAObjetivoAgente.Environment.CumulativeReward.sum": {
            "value": 17.505969712277874,
            "min": -17.034069478220772,
            "max": 26.07752995681949,
            "count": 155
        },
        "MoverAObjetivoAgente.Policy.ExtrinsicReward.mean": {
            "value": 0.9725538729043264,
            "min": -1.1767699683550745,
            "max": 0.9868560002185405,
            "count": 155
        },
        "MoverAObjetivoAgente.Policy.ExtrinsicReward.sum": {
            "value": 17.505969712277874,
            "min": -17.034069478220772,
            "max": 26.07752995681949,
            "count": 155
        },
        "MoverAObjetivoAgente.Losses.PolicyLoss.mean": {
            "value": 0.14475399116349694,
            "min": 0.10029435957854038,
            "max": 0.14711439803915452,
            "count": 200
        },
        "MoverAObjetivoAgente.Losses.PolicyLoss.sum": {
            "value": 0.7237699558174847,
            "min": 0.20058871915708076,
            "max": 0.7355719901957726,
            "count": 200
        },
        "MoverAObjetivoAgente.Losses.ValueLoss.mean": {
            "value": 0.003004133672853547,
            "min": 7.873568159415411e-08,
            "max": 0.008307113381926069,