{
    "name": "root",
    "gauges": {
        "MoverAObjetivoAgente.Policy.Entropy.mean": {
            "value": 1.9458887577056885,
            "min": 1.9458677768707275,
            "max": 1.9458962678909302,
            "count": 3
        },
        "MoverAObjetivoAgente.Policy.Entropy.sum": {
            "value": 38980.04296875,
            "min": 38917.35546875,
            "max": 39034.6796875,
            "count": 3
        },
        "MoverAObjetivoAgente.Step.mean": {
            "value": 29982.0,
            "min": 9966.0,
            "max": 29982.0,
            "count": 3
        },
        "MoverAObjetivoAgente.Step.sum": {
            "value": 29982.0,
            "min": 9966.0,
            "max": 29982.0,
            "count": 3
        },
        "MoverAObjetivoAgente.Policy.ExtrinsicValueEstimate.mean": {
            "value": -0.029149645939469337,
            "min": -0.037591539323329926,
            "max": -0.029149645939469337,
            "count": 3
        },
        "MoverAObjetivoAgente.Policy.ExtrinsicValueEstimate.sum": {
            "value": -4.663943290710449,
            "min": -6.014646530151367,
            "max": -4.663943290710449,
            "count": 3
        },
        "MoverAObjetivoAgente.Environment.EpisodeLength.mean": {
            "value": 1820.2727272727273,
            "min": 1564.090909090909,
            "max": 1999.0,
            "count": 3
        },
        "MoverAObjetivoAgente.Environment.EpisodeLength.sum": {
            "value": 20023.0,
            "min": 17205.0,
            "max": 20023.0,
            "count": 3
        },
        "MoverAObjetivoAgente.Environment.CumulativeReward.mean": {
            "value": -0.6940999994054436,
            "min": -0.6940999994054436,
            "max": -0.49970002355985343,
            "count": 3
        },
        "MoverAObjetivoAgente.Environment.CumulativeReward.sum": {
            "value": -3.4704999970272183,
            "min": -3.4704999970272183,
            "max": -2.498500117799267,
            "count": 3
        },
        "MoverAObjetivoAgente.Policy.ExtrinsicReward.mean": {
            "value": -0.6940999994054436,
            "min": -0.6940999994054436,
            "max": -0.49970002355985343,
            "count": 3
        },
        "MoverAObjetivoAgente.Policy.ExtrinsicReward.sum": {
            "value": -3.4704999970272183,
            "min": -3.4704999970272183,
            "max": -2.498500117799267,
            "count": 3
        },
        "MoverAObjetivoAgente.Losses.PolicyLoss.mean": {
            "value": 0.1413280787792815,
            "min": 0.13739905598219662,
            "max": 0.1413280787792815,
            "count": 3
        },
        "MoverAObjetivoAgente.Losses.PolicyLoss.sum": {
            "value": 0.7066403938964075,
            "min": 0.5645543661840166,
            "max": 0.7066403938964075,
            "count": 3
        },
        "MoverAObjetivoAgente.Losses.ValueLoss.mean": {
            "value": 0.0015840535478632161,
            "min": 5.223515046392817e-05,
            "max": 0.002166546275334724,
            "count": 3
        },
        "MoverAObjetivoAgente.Losses.ValueLoss.sum": {
            "value": 0.00792026773931608,
            "min": 0.0002611757523196409,
            "max": 0.008666185101338895,
            "count": 3
        },
        "MoverAObjetivoAgente.Policy.LearningRate.mean": {
            "value": 9.751702483000002e-06,
            "min": 9.751702483000002e-06,
            "max": 9.948175518250003e-06,
            "count": 3
        },
        "MoverAObjetivoAgente.Policy.LearningRate.sum": {
            "value": 4.875851241500001e-05,
            "min": 3.979270207300001e-05,
            "max": 4.927594724060001e-05,
            "count": 3
        },
        "MoverAObjetivoAgente.Policy.Epsilon.mean": {
            "value": 0.295034,
            "min": 0.295034,
            "max": 0.2989635,
            "count": 3
        },
        "MoverAObjetivoAgente.Policy.Epsilon.sum": {
            "value": 1.47517,
            "min": 1.195854,
            "max": 1.4855188,
            "count": 3
        },
        "MoverAObjetivoAgente.Policy.Beta.mean": {
            "value": 0.009999999999999998,
            "min": 0.009999999999999998,
            "max": 0.009999999999999998,
            "count": 3
        },
        "MoverAObjetivoAgente.Policy.Beta.sum": {
            "value": 0.04999999999999999,
            "min": 0.039999999999999994,
            "max": 0.04999999999999999,
            "count": 3
        },
        "MoverAObjetivoAgente.Self-play.ELO.mean": {
            "value": 1199.0014391117093,
            "min": 1199.0014391117093,
            "max": 1199.5,
            "count": 2
        },
        "MoverAObjetivoAgente.Self-play.ELO.sum": {
            "value": 1199.0014391117093,
            "min": 1199.0014391117093,
            "max": 1199.5,
            "count": 2
        },
        "MoverAObjetivoAgente.IsTraining.mean": {
            "value": 1.0,
            "min": 1.0,
            "max": 1.0,
            "count": 3
        },
        "MoverAObjetivoAgente.IsTraining.sum": {
            "value": 1.0,
            "min": 1.0,
            "max": 1.0,
            "count": 3
        }
    },
    "metadata": {
        "timer_format_version": "0.1.0",
        "start_time_seconds": "1650732094",
        "python_version": "3.9.7 (default, Sep 16 2021, 16:59:28) [MSC v.1916 64 bit (AMD64)]",
        "command_line_arguments": "C:\\Users\\unais\\anaconda3\\Scripts\\mlagents-learn config/PPODobleAgente.yml --run-id=Agente --force",
        "mlagents_version": "0.28.0",
        "mlagents_envs_version": "0.28.0",
        "communication_protocol_version": "1.5.0",
        "pytorch_version": "1.11.0+cu113",
        "numpy_version": "1.20.3",
        "end_time_seconds": "1650732475"
    },
    "total": 381.0579317,
    "count": 1,
    "self": 0.005051699999967241,
    "children": {
        "run_training.setup": {
            "total": 0.2238644999999999,
            "count": 1,
            "self": 0.2238644999999999
        },
        "TrainerController.start_learning": {
            "total": 380.8290155,
            "count": 1,
            "self": 0.49502380000075163,
            "children": {
                "TrainerController._reset_env": {
                    "total": 4.610856200000001,
                    "count": 1,
                    "self": 4.610856200000001
                },
                "TrainerController.advance": {
                    "total": 375.57744649999927,
                    "count": 32379,
                    "self": 0.49407540000265726,
                    "children": {
                        "env_step": {
                            "total": 347.7712007999971,
                            "count": 32379,
                            "self": 195.77312289999412,
                            "children": {
                                "SubprocessEnvManager._take_step": {
                                    "total": 151.68222550000215,
                                    "count": 32379,
                                    "self": 2.454160700004678,
                                    "children": {
                                        "TorchPolicy.evaluate": {
                                            "total": 149.22806479999747,
                                            "count": 64694,
                                            "self": 68.47710430000333,
                                            "children": {
                                                "TorchPolicy.sample_actions": {
                                                    "total": 80.75096049999414,
                                                    "count": 64694,