{
    "name": "root",
    "gauges": {
        "MoverAObjetivoAgente.Policy.Entropy.mean": {
            "value": 1.7605715990066528,
            "min": 1.1475681066513062,
            "max": 1.9458359479904175,
            "count": 223
        },
        "MoverAObjetivoAgente.Policy.Entropy.sum": {
            "value": 17602.1953125,
            "min": 11474.533203125,
            "max": 19533.73046875,
            "count": 223
        },
        "MoverAObjetivoAgente.Step.mean": {
            "value": 2229995.0,
            "min": 9974.0,
            "max": 2229995.0,
            "count": 223
        },
        "MoverAObjetivoAgente.Step.sum": {
            "value": 2229995.0,
            "min": 9974.0,
            "max": 2229995.0,
            "count": 223
        },
        "MoverAObjetivoAgente.Policy.ExtrinsicValueEstimate.mean": {
            "value": 0.04853636771440506,
            "min": -0.08438796550035477,
            "max": 0.05928533896803856,
            "count": 223
        },
        "MoverAObjetivoAgente.Policy.ExtrinsicValueEstimate.sum": {
            "value": 7.717282295227051,
            "min": -13.164522171020508,
            "max": 9.426368713378906,
            "count": 223
        },
        "MoverAObjetivoAgente.Losses.PolicyLoss.mean": {
            "value": 0.1348127687537523,
            "min": 0.12285690671937614,
            "max": 0.1524066127289317,
            "count": 223
        },
        "MoverAObjetivoAgente.Losses.PolicyLoss.sum": {
            "value": 0.6740638437687616,
            "min": 0.4914276268775046,
            "max": 0.7502538526616882,
            "count": 223
        },
        "MoverAObjetivoAgente.Losses.ValueLoss.mean": {
            "value": 0.0020050393648218213,
            "min": 1.3747747377622732e-07,
            "max": 0.006300385185105739,
            "count": 223
        },
        "MoverAObjetivoAgente.Losses.ValueLoss.sum": {
            "value": 0.010025196824109107,
            "min": 5.499098951049093e-07,
            "max": 0.031501925925528695,
            "count": 223
        },
        "MoverAObjetivoAgente.Policy.LearningRate.mean": {
            "value": 5.548658113864e-06,
            "min": 5.548658113864e-06,
            "max": 9.989502104980002e-06,
            "count": 223
        },
        "MoverAObjetivoAgente.Policy.LearningRate.sum": {
            "value": 2.7743290569319997e-05,
            "min": 2.2521846783279997e-05,
            "max": 4.9853157468440006e-05,
            "count": 223
        },
        "MoverAObjetivoAgente.Policy.Epsilon.mean": {
            "value": 0.21097227199999996,
            "min": 0.21097227199999996,
            "max": 0.29979004,
            "count": 223
        },
        "MoverAObjetivoAgente.Policy.Epsilon.sum": {
            "value": 1.0548613599999999,
            "min": 0.8504334399999999,
            "max": 1.4970631199999997,
            "count": 223
        },
        "MoverAObjetivoAgente.Policy.Beta.mean": {
            "value": 0.009999999999999998,
            "min": 0.009999999999999998,
            "max": 0.009999999999999998,
            "count": 223
        },
        "MoverAObjetivoAgente.Policy.Beta.sum": {
            "value": 0.04999999999999999,
            "min": 0.039999999999999994,
            "max": 0.04999999999999999,
            "count": 223
        },
        "MoverAObjetivoAgente.Environment.EpisodeLength.mean": {
            "value": 2497.8,
            "min": 830.0,
            "max": 9999.0,
            "count": 223
        },
        "MoverAObjetivoAgente.Environment.EpisodeLength.sum": {
            "value": 12489.0,
            "min": 830.0,
            "max": 18974.0,
            "count": 223
        },
        "MoverAObjetivoAgente.Environment.CumulativeReward.mean": {
            "value": 0.8751799908932298,
            "min": -1.4846800586674362,
            "max": 0.927940005552955,
            "count": 223
        },
        "MoverAObjetivoAgente.Environment.CumulativeReward.sum": {
            "value": 4.375899954466149,
            "min": -3.3226601094938815,
            "max": 4.477589992806315,
            "count": 223
        },
        "MoverAObjetivoAgente.Policy.ExtrinsicReward.mean": {
            "value": 0.8751799908932298,
            "min": -1.4846800586674362,
            "max": 0.927940005552955,
            "count": 223
        },
        "MoverAObjetivoAgente.Policy.ExtrinsicReward.sum": {
            "value": 4.375899954466149,
            "min": -3.3226601094938815,
            "max": 4.477589992806315,
            "count": 223
        },
        "MoverAObjetivoAgente.IsTraining.mean": {
            "value": 1.0,
            "min": 1.0,
            "max": 1.0,
            "count": 223
        },
        "MoverAObjetivoAgente.IsTraining.sum": {
            "value": 1.0,
            "min": 1.0,
            "max": 1.0,
            "count": 223
        },
        "MoverAObjetivoOponente.Policy.Entropy.mean": {
            "value": 1.2671431303024292,
            "min": 1.0398272275924683,
            "max": 1.9458894729614258,
            "count": 223
        },
        "MoverAObjetivoOponente.Policy.Entropy.sum": {
            "value": 12668.896484375,
            "min": 10399.3115234375,
            "max": 19577.59375,
            "count": 223
        },
        "MoverAObjetivoOponente.Step.mean": {
            "value": 2229936.0,
            "min": 9997.0,
            "max": 2229936.0,
            "count": 223
        },
        "MoverAObjetivoOponente.Step.sum": {
            "value": 2229936.0,
            "min": 9997.0,
            "max": 2229936.0,
            "count": 223
        },
        "MoverAObjetivoOponente.Policy.ExtrinsicValueEstimate.mean": {
            "value": 0.1361718326807022,
            "min": -0.021870385855436325,
            "max": 0.17430129647254944,
            "count": 223
        },
        "MoverAObjetivoOponente.Policy.ExtrinsicValueEstimate.sum": {
            "value": 21.923664093017578,
            "min": -3.433650493621826,
            "max": 28.759714126586914,
            "count": 223
        },
        "MoverAObjetivoOponente.Losses.PolicyLoss.mean": {
            "value": 0.13764064931436085,
            "min": 0.11309085126810137,
            "max": 0.14782470670385248,
            "count": 223
        },
        "MoverAObjetivoOponente.Losses.PolicyLoss.sum": {
            "value": 0.6882032465718042,
            "min": 0.45236340507240547,
            "max": 0.7391235335192624,
            "count": 223
        },
        "MoverAObjetivoOponente.Losses.ValueLoss.mean": {
            "value": 0.0030447851885396513,
            "min": 4.0345668125487583e-07,
            "max": 0.0071774952944521605,
            "count": 223
        },
        "MoverAObjetivoOponente.Losses.ValueLoss.sum": {
            "value": 0.015223925942698256,
            "min": 1.8213727511773416e-06,
            "max": 0.0358874764722608,
            "count": 223
        },
        "MoverAObjetivoOponente.Policy.LearningRate.mean": {
            "value": 5.548542115024002e-06,
            "min": 5.548542115024002e-06,
            "max": 9.989516604835e-06,
            "count": 223
        },
        "MoverAObjetivoOponente.Policy.LearningRate.sum": {
            "value": 2.774271057512001e-05,
            "min": 2.2519234809400004e-05,
            "max": 4.9853055469460004e-05,
            "count": 223
        },
        "MoverAObjetivoOponente.Policy.Epsilon.mean": {
            "value": 0.210969952,
            "min": 0.210969952,
            "max": 0.29979033,
            "count": 223
        },
        "MoverAObjetivoOponente.Policy.Epsilon.sum": {
            "value": 1.05484976,
            "min": 0.8503812000000001,
            "max": 1.4970610800000002,
            "count": 223
        },
        "MoverAObjetivoOponente.Policy.Beta.mean": {
            "value": 0.009999999999999998,
            "min": 0.009999999999999998,