{
    "name": "root",
    "gauges": {
        "MoverAObjetivoOponente.Policy.Entropy.mean": {
            "value": 0.9928160309791565,
            "min": 0.740684986114502,
            "max": 1.9458695650100708,
            "count": 500
        },
        "MoverAObjetivoOponente.Policy.Entropy.sum": {
            "value": 10357.056640625,
            "min": 7252.787109375,
            "max": 23910.845703125,
            "count": 500
        },
        "MoverAObjetivoOponente.Environment.EpisodeLength.mean": {
            "value": 409.1333333333333,
            "min": 37.0,
            "max": 9999.0,
            "count": 436
        },
        "MoverAObjetivoOponente.Environment.EpisodeLength.sum": {
            "value": 6137.0,
            "min": 37.0,
            "max": 489858.0,
            "count": 436
        },
        "MoverAObjetivoOponente.Step.mean": {
            "value": 4999962.0,
            "min": 9958.0,
            "max": 4999962.0,
            "count": 500
        },
        "MoverAObjetivoOponente.Step.sum": {
            "value": 4999962.0,
            "min": 9958.0,
            "max": 4999962.0,
            "count": 500
        },
        "MoverAObjetivoOponente.Policy.ExtrinsicValueEstimate.mean": {
            "value": 0.21565181016921997,
            "min": -0.024173283949494362,
            "max": 0.3120720386505127,
            "count": 500
        },
        "MoverAObjetivoOponente.Policy.ExtrinsicValueEstimate.sum": {
            "value": 35.36689758300781,
            "min": -3.795205593109131,
            "max": 53.6763916015625,
            "count": 500
        },
        "MoverAObjetivoOponente.Environment.CumulativeReward.mean": {
            "value": 0.9795213254789511,
            "min": -1.1524000111967325,
            "max": 0.9981099963188171,
            "count": 436
        },
        "MoverAObjetivoOponente.Environment.CumulativeReward.sum": {
            "value": 14.692819882184267,
            "min": -23.494089359417558,
            "max": 30.39237998984754,
            "count": 436
        },
        "MoverAObjetivoOponente.Policy.ExtrinsicReward.mean": {
            "value": 0.9795213254789511,
            "min": -1.1524000111967325,
            "max": 0.9981099963188171,
            "count": 436
        },
        "MoverAObjetivoOponente.Policy.ExtrinsicReward.sum": {
            "value": 14.692819882184267,
            "min": -23.494089359417558,
            "max": 30.39237998984754,
            "count": 436
        },
        "MoverAObjetivoOponente.Losses.PolicyLoss.mean": {
            "value": 0.13747392385267582,
            "min": 0.10156660866949199,
            "max": 0.14878375295800877,
            "count": 500
        },
        "MoverAObjetivoOponente.Losses.PolicyLoss.sum": {
            "value": 0.6873696192633791,
            "min": 0.20313321733898398,
            "max": 0.7439187647900438,
            "count": 500
        },
        "MoverAObjetivoOponente.Losses.ValueLoss.mean": {
            "value": 0.0048714158287655445,
            "min": 6.207274330880899e-08,
            "max": 0.013518080010505923,
            "count": 500
        },
        "MoverAObjetivoOponente.Losses.ValueLoss.sum": {
            "value": 0.024357079143827724,
            "min": 1.3381853696906956e-07,
            "max": 0.05407232004202369,
            "count": 500
        },
        "MoverAObjetivoOponente.Policy.LearningRate.mean": {
            "value": 1.0138699611999793e-08,
            "min": 1.0138699611999793e-08,
            "max": 9.987764122360002e-06,
            "count": 500
        },
        "MoverAObjetivoOponente.Policy.LearningRate.sum": {
            "value": 5.0693498059998966e-08,
            "min": 5.0693498059998966e-08,
            "max": 3.9349934501720004e-05,
            "count": 500
        },
        "MoverAObjetivoOponente.Policy.Epsilon.mean": {
            "value": 0.10020077600000002,
            "min": 0.10020077600000002,
            "max": 0.29975527999999996,
            "count": 500
        },
        "MoverAObjetivoOponente.Policy.Epsilon.sum": {
            "value": 0.5010038800000001,
            "min": 0.40400376,
            "max": 1.2869965600000004,
            "count": 500
        },
        "MoverAObjetivoOponente.Policy.Beta.mean": {
            "value": 0.009999999999999998,
            "min": 0.009999999999999998,
            "max": 0.009999999999999998,
            "count": 500
        },
        "MoverAObjetivoOponente.Policy.Beta.sum": {
            "value": 0.04999999999999999,
            "min": 0.019999999999999997,
            "max": 0.049999999999999996,
            "count": 500
        },
        "MoverAObjetivoOponente.IsTraining.mean": {
            "value": 1.0,
            "min": 1.0,
            "max": 1.0,
            "count": 500
        },
        "MoverAObjetivoOponente.IsTraining.sum": {
            "value": 1.0,
            "min": 1.0,
            "max": 1.0,
            "count": 500
        },
        "MoverAObjetivoAgente.Policy.Entropy.mean": {
            "value": 1.417227864265442,
            "min": 1.2362440824508667,
            "max": 1.9458680152893066,
            "count": 500
        },
        "MoverAObjetivoAgente.Policy.Entropy.sum": {
            "value": 13968.1982421875,
            "min": 11808.748046875,
            "max": 23910.826171875,
            "count": 500
        },
        "MoverAObjetivoAgente.Environment.EpisodeLength.mean": {
            "value": 436.90909090909093,
            "min": 2.5,
            "max": 9999.0,
            "count": 401
        },
        "MoverAObjetivoAgente.Environment.EpisodeLength.sum": {
            "value": 4806.0,
            "min": 5.0,
            "max": 489951.0,
            "count": 401
        },
        "MoverAObjetivoAgente.Step.mean": {
            "value": 4999986.0,
            "min": 9991.0,
            "max": 4999986.0,
            "count": 500
        },
        "MoverAObjetivoAgente.Step.sum": {
            "value": 4999986.0,
            "min": 9991.0,
            "max": 4999986.0,
            "count": 500
        },
        "MoverAObjetivoAgente.Policy.ExtrinsicValueEstimate.mean": {
            "value": 0.11964331567287445,
            "min": -0.018705109134316444,
            "max": 0.20840929448604584,
            "count": 500
        },
        "MoverAObjetivoAgente.Policy.ExtrinsicValueEstimate.sum": {
            "value": 19.2625732421875,
            "min": -2.95540714263916,
            "max": 34.804351806640625,
            "count": 500
        },
        "MoverAObjetivoAgente.Environment.CumulativeReward.mean": {
            "value": 0.978161815829067,
            "min": -1.4823499743361026,
            "max": 0.9998550117015839,
            "count": 401
        },
        "MoverAObjetivoAgente.Environment.CumulativeReward.sum": {
            "value": 10.759779974119738,
            "min": -24.498779380810447,
            "max": 20.163869878277183,
            "count": 401
        },
        "MoverAObjetivoAgente.Policy.ExtrinsicReward.mean": {
            "value": 0.978161815829067,
            "min": -1.4823499743361026,
            "max": 0.9998550117015839,
            "count": 401
        },
        "MoverAObjetivoAgente.Policy.ExtrinsicReward.sum": {
            "value": 10.759779974119738,
            "min": -24.498779380810447,
            "max": 20.163869878277183,
            "count": 401
        },
        "MoverAObjetivoAgente.Losses.PolicyLoss.mean": {
            "value": 0.1329683254246987,
            "min": 0.10814349143876227,
            "max": 0.149577430425173,
            "count": 500
        },
        "MoverAObjetivoAgente.Losses.PolicyLoss.sum": {
            "value": 0.6648416271234935,
            "min": 0.2189053397621989,
            "max": 0.7452847993573305,
            "count": 500
        },
        "MoverAObjetivoAgente.Losses.ValueLoss.mean": {
            "value": 0.004243445699200069,